3	1.989e+30	0.000360558	0	0	3.60558e-06	0	0	7.17151e+22	0	0	5.972e+24	1.496e+11	2.978e+06	0	-1.1797	29780	0	-7.04516e+22	0	0	7.347e+22	1.49984e+11	3.0802e+06	0	-1.71976	30802	0	-1.26351e+21	0	0
3	1.989e+30	230517	1.0373e+06	0	-0.135954	0.0614842	0	8.49763e+22	-9.66192e+22	0	5.972e+24	7.37665e+10	-8.3938e+10	0	44750.1	9518.05	0	-8.38203e+22	9.53883e+22	0	7.347e+22	7.34925e+10	-7.8362e+10	0	43068.6	13274.3	0	-1.15604e+21	1.23097e+21	0
3	1.989e+30	496310	1.36585e+06	0	0.17345	0.217632	0	-7.07827e+22	3.29674e+23	0	5.972e+24	-1.34484e+10	6.68194e+10	0	-58363.7	-41539.5	0	6.73101e+22	-3.34582e+23	0	7.347e+22	-3.28936e+10	-4.65029e+10	0	48393.6	-63780.6	0	3.47266e+21	4.90811e+21	0
3	1.989e+30	49803.5	2.20661e+06	0	0.0598549	0.0112853	0	7.49295e+22	2.84079e+22	0	5.972e+24	1.34637e+11	4.587e+10	0	-19186.2	26578.1	0	-7.41866e+22	-2.52718e+22	0	7.347e+22	1.79283e+10	7.57033e+10	0	-60863.8	-14447.6	0	-7.42951e+20	-3.13608e+21	0
3	1.989e+30	68088.1	3.29115e+06	0	-0.0692957	0.0146377	0	7.7091e+22	-3.18486e+22	0	5.972e+24	1.27445e+11	-5.44963e+10	0	23432.5	24962.6	0	-7.58824e+22	3.24518e+22	0	7.347e+22	1.07523e+11	5.36667e+10	0	-28715.2	26110.9	0	-1.2086e+21	-6.03157e+20	0
3	1.989e+30	546162	4.06002e+06	0	-0.149908	0.276438	0	-2.49425e+23	-3.84351e+23	0	5.972e+24	-3.21001e+10	-4.92531e+10	0	49906.4	-62309	0	2.50514e+23	3.84294e+23	0	7.347e+22	1.3362e+11	-6.96108e+09	0	1728.44	32453.7	0	-1.08811e+21	5.67453e+19	0
3	1.989e+30	186478	4.45659e+06	0	0.118949	0.0467457	0	8.41112e+22	7.45632e+22	0	5.972e+24	8.8093e+10	7.995e+10	0	-40002.5	14307.6	0	-8.29696e+22	-7.52913e+22	0	7.347e+22	1.01198e+11	-6.45318e+10	0	31379.7	22958.7	0	-1.14168e+21	7.28127e+20	0
3	1.989e+30	6705.52	5.51049e+06	0	-0.0146037	0.00240452	0	7.12174e+22	-8.13419e+21	0	5.972e+24	1.49095e+11	-1.03308e+10	0	4136.24	29616.6	0	-7.0818e+22	4.91102e+21	0	7.347e+22	9.5347e+09	-7.69074e+10	0	59142.2	-21011.1	0	-3.99328e+20	3.22316e+21	0
3	1.989e+30	285513	6.51607e+06	0	-0.147431	0.0839221	0	7.8918e+22	-1.19177e+23	0	5.972e+24	5.66912e+10	-8.62321e+10	0	49779.6	2919.25	0	-8.17737e+22	1.24406e+23	0	7.347e+22	-2.74271e+10	5.02182e+10	0	-55037.1	-57786.7	0	2.85567e+21	-5.22957e+21	0
3	1.989e+30	427816	6.80316e+06	0	0.179366	0.161305	0	2.70058e+22	2.54677e+23	0	5.972e+24	7.95683e+09	7.84744e+10	0	-59229.9	-23782.1	0	-2.57304e+22	-2.53577e+23	0	7.347e+22	8.14737e+10	7.03021e+10	0	-41335.2	17709.6	0	-1.27548e+21	-1.10039e+21	0
3	1.989e+30	27243.3	7.71496e+06	0	0.0446164	0.00559751	0	7.38731e+22	1.87618e+22	0	5.972e+24	1.40763e+11	3.60245e+10	0	-14744.1	27900.8	0	-7.27616e+22	-1.86159e+22	0	7.347e+22	1.30778e+11	1.71875e+10	0	-9398.24	32019.1	0	-1.11158e+21	-1.4589e+20	0
3	1.989e+30	95538.2	8.79732e+06	0	-0.0850573	0.0212445	0	7.90431e+22	-4.20617e+22	0	5.972e+24	1.18147e+11	-6.31216e+10	0	28082.9	22730.6	0	-7.79351e+22	4.16465e+22	0	7.347e+22	1.20219e+11	-4.50651e+10	0	19982.7	28675.4	0	-1.10804e+21	4.1529e+20	0
3	1.989e+30	592086	9.45979e+06	0	-0.0806059	0.34042	0	-5.32522e+23	-2.63242e+23	0	5.972e+24	-4.63823e+10	-2.27289e+10	0	26225.9	-83265.3	0	5.33615e+23	2.61484e+23	0	7.347e+22	5.12551e+10	-8.24398e+10	0	50411.7	3730.27	0	-1.09266e+21	1.75787e+21	0
3	1.989e+30	151271	9.94901e+06	0	0.104764	0.0387122	0	7.31507e+22	5.72933e+22	0	5.972e+24	1.01653e+11	7.40242e+10	0	-35034.5	18350.4	0	-8.1068e+22	-5.90227e+22	0	7.347e+22	-4.79301e+10	-1.04682e+10	0	11583.9	-88173.3	0	7.91734e+21	1.72934e+21	0
3	1.989e+30	12241.9	1.10133e+07	0	-0.0233187	0.00294243	0	7.25418e+22	-8.09558e+21	0	5.972e+24	1.46824e+11	-2.09615e+10	0	8438.6	29160.5	0	-7.13574e+22	1.01943e+22	0	7.347e+22	4.42128e+10	7.83649e+10	0	-54638.9	1501.9	0	-1.18438e+21	-2.0987e+21	0
3	1.989e+30	336798	1.19917e+07	0	-0.162874	0.106818	0	7.3906e+22	-1.64653e+23	0	5.972e+24	3.78142e+10	-8.57849e+10	0	54510.7	-5776.21	0	-7.27378e+22	1.65059e+23	0	7.347e+22	1.18597e+11	4.12951e+10	0	-21529.3	29164.4	0	-1.16823e+21	-4.06623e+20	0
3	1.989e+30	362990	1.22649e+07	0	0.168816	0.120934	0	6.53738e+22	1.87652e+23	0	5.972e+24	2.89341e+10	8.45656e+10	0	-56325.6	-10509.9	0	-6.4285e+22	-1.87827e+23	0	7.347e+22	1.31339e+11	-2.09929e+10	0	8191.41	31792.1	0	-1.08879e+21	1.74161e+20	0
3	1.989e+30	15241.4	1.32258e+07	0	0.0297228	0.00327507	0	7.2855e+22	1.17111e+22	0	5.972e+24	1.45308e+11	2.57493e+10	0	-10367.9	28846.4	0	-7.16953e+22	-1.26968e+22	0	7.347e+22	8.62678e+10	-7.3298e+10	0	38093.5	18023.9	0	-1.15976e+21	9.85645e+20	0
3	1.989e+30	133664	1.42978e+07	0	-0.100849	0.0324597	0	7.9114e+22	-5.74498e+22	0	5.972e+24	1.07115e+11	-7.08502e+10	0	32875.3	19873.4	0	-8.01677e+22	5.30399e+22	0	7.347e+22	-1.52373e+10	-6.37854e+10	0	57945.1	-42700.7	0	1.05371e+21	4.40993e+21	0
3	1.989e+30	603020	1.48354e+07	0	0.0344715	0.357031	0	-6.19604e+23	1.17709e+23	0	5.972e+24	-4.93567e+10	9.05123e+09	0	-10712.4	-88368.2	0	6.19422e+23	-1.13518e+23	0	7.347e+22	-2.97461e+09	6.81334e+10	0	-62463.8	-31170.1	0	1.82675e+20	-4.19155e+21	0
3	1.989e+30	110495	1.54447e+07	0	0.0919094	0.0250614	0	8.00925e+22	4.72014e+22	0	5.972e+24	1.13457e+11	6.67867e+10	0	-30186.6	21531	0	-7.88479e+22	-4.64007e+22	0	7.347e+22	9.65429e+10	6.21334e+10	0	-34481.5	22852.8	0	-1.24452e+21	-8.00764e+20	0
3	1.989e+30	20488.7	1.65239e+07	0	-0.0382732	0.00416134	0	7.33655e+22	-1.58337e+22	0	5.972e+24	1.42983e+11	-3.13821e+10	0	12790.5	28372.8	0	-7.22674e+22	1.58713e+22	0	7.347e+22	1.33159e+11	4.57467e+09	0	-3530.34	32529.1	0	-1.09817e+21	-3.76055e+19	0
3	1.989e+30	398503	1.74596e+07	0	-0.175907	0.141901	0	4.83277e+22	-2.22904e+23	0	5.972e+24	1.73505e+10	-8.16847e+10	0	58269.3	-17423.5	0	-4.72018e+22	2.22344e+23	0	7.347e+22	1.1148e+11	-5.54915e+10	0	25780.8	26161.8	0	-1.12591e+21	5.60657e+20	0
3	1.989e+30	307775	1.77379e+07	0	0.153801	0.0927181	0	7.98095e+22	1.38155e+23	0	5.972e+24	4.85573e+10	8.65033e+10	0	-51908.7	-636.885	0	-7.89087e+22	-1.40531e+23	0	7.347e+22	3.10682e+10	-8.19133e+10	0	55662.8	-6854.77	0	-9.0072e+20	2.37575e+21	0
3	1.989e+30	11148.7	1.87306e+07	0	0.0192283	0.0051896	0	6.40344e+22	1.08358e+22	0	5.972e+24	1.48279e+11	1.51892e+10	0	-6043.41	29449.7	0	-7.09986e+22	-7.26248e+21	0	7.347e+22	-4.44181e+10	2.27999e+10	0	-29314.8	-82843	0	6.96421e+21	-3.57334e+21	0
3	1.989e+30	169166	1.9789e+07	0	-0.11172	0.0414103	0	8.35711e+22	-6.60382e+22	0	5.972e+24	9.43216e+10	-7.74101e+10	0	37802.9	16235.6	0	-8.22958e+22	6.7562e+22	0	7.347e+22	6.35853e+10	7.60023e+10	0	-48274	10687.8	0	-1.27529e+21	-1.52381e+21	0
3	1.989e+30	568402	2.02247e+07	0	0.125651	0.306589	0	-3.71026e+23	3.64908e+23	0	5.972e+24	-3.9408e+10	3.86202e+10	0	-41656.2	-72331.9	0	3.72164e+23	-3.64635e+23	0	7.347e+22	1.25536e+11	3.00545e+10	0	-15649.9	30887.9	0	-1.13863e+21	-2.72385e+20	0
3	1.989e+30	79107.4	2.09496e+07	0	0.0759677	0.0172732	0	7.7797e+22	3.60407e+22	0	5.972e+24	1.23533e+11	5.85229e+10	0	-25470.4	24029	0	-7.67017e+22	-3.63217e+22	0	7.347e+22	1.27225e+11	-3.262e+10	0	13736.7	30647.9	0	-1.09524e+21	2.81033e+20	0
3	1.989e+30	39091.9	2.20339e+07	0	-0.0533	0.00836078	0	7.47028e+22	-2.34665e+22	0	5.972e+24	1.37552e+11	-4.14575e+10	0	17210.8	27222.7	0	-7.35462e+22	2.218e+22	0	7.347e+22	7.09968e+10	-7.8946e+10	0	43974.9	12323.3	0	-1.15652e+21	1.28648e+21	0
3	1.989e+30	468289	2.29087e+07	0	-0.180276	0.192523	0	-2.07473e+22	-3.03594e+23	0	5.972e+24	-4.09004e+09	-7.26623e+10	0	59473.7	-33140.6	0	1.68366e+22	2.98725e+23	0	7.347e+22	-3.49976e+10	-4.3557e+10	0	46168.1	-66741.2	0	3.91071e+21	4.86822e+21	0
3	1.989e+30	254401	2.32122e+07	0	0.143223	0.070582	0	8.41292e+22	1.09974e+23	0	5.972e+24	6.64692e+10	8.53292e+10	0	-46957.1	6810.68	0	-8.33293e+22	-1.06936e+23	0	7.347e+22	2.00548e+10	7.62202e+10	0	-60473.2	-12954.9	0	-7.9987e+20	-3.03832e+21	0
3	1.989e+30	1277.1	2.42383e+07	0	0.00629829	0.000307112	0	7.18774e+22	2.68807e+21	0	5.972e+24	1.49689e+11	4.46802e+09	0	-1749.62	29732.7	0	-7.06701e+22	-2.09655e+21	0	7.347e+22	1.08167e+11	5.30234e+10	0	-28290.9	26334.2	0	-1.20729e+21	-5.91515e+20	0
3	1.989e+30	210420	2.52839e+07	0	-0.128707	0.05456	0	8.47985e+22	-8.66958e+22	0	5.972e+24	7.97219e+10	-8.24778e+10	0	42842.1	11588.1	0	-8.37085e+22	8.66348e+22	0	7.347e+22	1.33461e+11	-7.43414e+09	0	1985.87	32467.1	0	-1.09004e+21	6.09455e+19	0
3	1.989e+30	514772	2.56386e+07	0	0.167537	0.238259	0	-1.25756e+23	3.6167e+23	0	5.972e+24	-2.12423e+10	6.067e+10	0	-56186.8	-49475.9	0	1.26901e+23	-3.62404e+23	0	7.347e+22	1.00824e+11	-6.46188e+10	0	31538.3	22902.7	0	-1.1448e+21	7.34056e+20	0
3	1.989e+30	58271.2	2.64551e+07	0	0.0605022	0.0133462	0	7.52095e+22	2.48011e+22	0	5.972e+24	1.31921e+11	4.94601e+10	0	-20878.6	25972.6	0	-7.48109e+22	-2.80314e+22	0	7.347e+22	9.48568e+09	-7.68092e+10	0	59182.4	-21023.1	0	-3.98547e+20	3.23026e+21	0
3	1.989e+30	63899.1	2.75345e+07	0	-0.0631897	0.0156555	0	7.22347e+22	-2.41877e+22	0	5.972e+24	1.30507e+11	-5.10402e+10	0	21717.7	25664.1	0	-7.51819e+22	2.94207e+22	0	7.347e+22	-2.79719e+10	4.96782e+10	0	-54627.8	-58472.4	0	2.94724e+21	-5.23304e+21	0
3	1.989e+30	526808	2.83343e+07	0	-0.162301	0.251077	0	-1.62386e+23	-3.72606e+23	0	5.972e+24	-2.50015e+10	-5.70818e+10	0	54567.7	-53677.4	0	1.63663e+23	3.73726e+23	0	7.347e+22	8.05653e+10	7.06847e+10	0	-41686.2	17408.2	0	-1.27715e+21	-1.11999e+21	0
3	1.989e+30	202031	2.87016e+07	0	0.126133	0.0517805	0	8.45626e+22	8.27975e+22	0	5.972e+24	8.2554e+10	8.17912e+10	0	-41888	12519.8	0	-8.34475e+22	-8.26422e+22	0	7.347e+22	1.30371e+11	1.81883e+10	0	-9846.46	31978.7	0	-1.11506e+21	-1.55282e+20	0
3	1.989e+30	1231.08	2.97508e+07	0	-0.00832737	0.000293814	0	7.18154e+22	-3.39494e+21	0	5.972e+24	1.49547e+11	-6.29658e+09	0	2534.41	29705.6	0	-7.0708e+22	2.99256e+21	0	7.347e+22	1.20938e+11	-4.39093e+10	0	19431.5	28891.9	0	-1.10734e+21	4.02378e+20	0
3	1.989e+30	262725	3.07728e+07	0	-0.145704	0.0735848	0	8.41652e+22	-1.14142e+23	0	5.972e+24	6.32915e+10	-8.56297e+10	0	47913.3	5595.33	0	-8.30639e+22	1.1243e+23	0	7.347e+22	5.29851e+10	-8.2282e+10	0	49913.1	4543.5	0	-1.10128e+21	1.71161e+21	0
3	1.989e+30	456705	3.10706e+07	0	0.178247	0.183415	0	-8.06122e+21	2.81003e+23	0	5.972e+24	-7.5369e+07	7.48808e+10	0	-59534.5	-29849.8	0	2.64159e+20	-2.82992e+23	0	7.347e+22	-4.77053e+10	-1.21496e+10	0	13703.7	-87664.3	0	7.79706e+21	1.98932e+21	0
3	1.989e+30	36778.4	3.1955e+07	0	0.0512518	0.00808182	0	7.44285e+22	2.3113e+22	0	5.972e+24	1.38658e+11	3.97888e+10	0	-16396.2	27452.8	0	-7.32534e+22	-2.10019e+22	0	7.347e+22	4.36942e+10	7.85416e+10	0	-54738.6	1176.53	0	-1.17509e+21	-2.11115e+21	0
3	1.989e+30	84558.1	3.30383e+07	0	-0.0782542	0.0185233	0	7.83032e+22	-3.75849e+22	0	5.972e+24	1.21823e+11	-5.99634e+10	0	26327.8	23631.4	0	-7.71381e+22	3.79921e+22	0	7.347e+22	1.18681e+11	4.15086e+10	0	-21534	29118.7	0	-1.16507e+21	-4.07132e+20	0
3	1.989e+30	576164	3.37436e+07	0	-0.111857	0.318609	0	-4.27005e+23	-3.41607e+23	0	5.972e+24	-4.20652e+10	-3.35271e+10	0	37152.3	-76345.8	0	4.28092e+23	3.41432e+23	0	7.347e+22	1.31394e+11	-2.11291e+10	0	8314.76	31759.5	0	-1.0873e+21	1.75153e+20	0
3	1.989e+30	160970	3.41977e+07	0	0.109323	0.0390053	0	8.30129e+22	6.36184e+22	0	5.972e+24	9.67803e+10	7.64392e+10	0	-36883.1	16949.4	0	-8.18525e+22	-6.46162e+22	0	7.347e+22	8.5607e+10	-7.35717e+10	0	38408.8	17777.2	0	-1.16041e+21	9.97804e+20	0
3	1.989e+30	11404.9	3.52601e+07	0	-0.0226042	0.00401977	0	6.98823e+22	-1.26766e+22	0	5.972e+24	1.47857e+11	-1.69694e+10	0	6821.16	29369.2	0	-7.1113e+22	8.18001e+21	0	7.347e+22	-1.70708e+10	-6.23593e+10	0	57490.8	-44627.7	0	1.23076e+21	4.49664e+21	0
3	1.989e+30	319316	3.62458e+07	0	-0.156228	0.0982831	0	7.73581e+22	-1.44103e+23	0	5.972e+24	4.50991e+10	-8.62991e+10	0	52800.7	-2220.73	0	-7.73747e+22	1.4814e+23	0	7.347e+22	-2.93124e+08	6.9546e+10	0	-62444.3	-28769	0	1.66793e+19	-4.03684e+21	0
3	1.989e+30	387479	3.65206e+07	0	0.174417	0.134829	0	5.50073e+22	2.10947e+23	0	5.972e+24	2.11835e+10	8.28579e+10	0	-57676.8	-15033.8	0	-5.3771e+22	-2.10179e+23	0	7.347e+22	9.83541e+10	6.11178e+10	0	-33601.6	23350	0	-1.23624e+21	-7.67684e+20	0
3	1.989e+30	18071.2	3.74648e+07	0	0.0361428	0.00368007	0	7.31482e+22	1.4873e+22	0	5.972e+24	1.43784e+11	2.96752e+10	0	-12005.1	28533.1	0	-7.20543e+22	-1.48508e+22	0	7.347e+22	1.33496e+11	2.7517e+09	0	-2631.86	32525.5	0	-1.09387e+21	-2.21486e+19	0
3	1.989e+30	115985	3.85428e+07	0	-0.0942407	0.0264644	0	8.04535e+22	-4.90389e+22	0	5.972e+24	1.11477e+11	-6.80442e+10	0	31060.3	21026.1	0	-7.93084e+22	4.84394e+22	0	7.347e+22	1.08815e+11	-5.69541e+10	0	26573.3	25913	0	-1.1451e+21	5.99414e+20	0
3	1.989e+30	603066	3.91303e+07	0	-0.0123196	0.358657	0	-6.33978e+23	-3.86082e+22	0	5.972e+24	-4.98485e+10	-2.8266e+09	0	3434.43	-89244.4	0	6.34942e+23	3.63877e+22	0	7.347e+22	3.57573e+10	-8.2301e+10	0	54351.3	-3964.56	0	-9.64127e+20	2.2205e+21	0
3	1.989e+30	128086	3.96921e+07	0	0.0959735	0.0324473	0	7.12776e+22	5.07363e+22	0	5.972e+24	1.0938e+11	6.96e+10	0	-31932.6	20454.9	0	-7.96267e+22	-5.06357e+22	0	7.347e+22	-4.83307e+10	6.13013e+08	0	-2578.99	-89632.1	0	8.34915e+21	-1.00589e+20	0
3	1.989e+30	19050.9	4.07636e+07	0	-0.0316376	0.00434805	0	7.30939e+22	-1.15754e+22	0	5.972e+24	1.44571e+11	-2.76329e+10	0	11218.1	28692.9	0	-7.18762e+22	1.376e+22	0	7.347e+22	4.29905e+10	7.71812e+10	0	-55363.7	1459.05	0	-1.21766e+21	-2.18464e+21	0
3	1.989e+30	376163	4.17153e+07	0	-0.170625	0.1282	0	6.03594e+22	-1.99353e+23	0	5.972e+24	2.47607e+10	-8.3601e+10	0	57121.8	-12892.6	0	-5.91402e+22	1.99824e+23	0	7.347e+22	1.13941e+11	4.40923e+10	0	-23939.2	28778	0	-1.21921e+21	-4.7132e+20	0
3	1.989e+30	324030	4.19897e+07	0	0.160582	0.100642	0	7.65254e+22	1.5502e+23	0	5.972e+24	4.19109e+10	8.62707e+10	0	-53534.8	-3761.28	0	-7.54096e+22	-1.55132e+23	0	7.347e+22	1.31238e+11	-1.3074e+10	0	4246.64	32596	0	-1.11581e+21	1.11546e+20	0
3	1.989e+30	8311.47	4.29763e+07	0	0.0214215	0.00181289	0	7.23292e+22	8.33083e+21	0	5.972e+24	1.47459e+11	1.88879e+10	0	-7526.15	29274.5	0	-7.11696e+22	-9.0939e+21	0	7.347e+22	9.90291e+10	-6.51225e+10	0	31833.2	22812	0	-1.15951e+21	7.6307e+20	0
3	1.989e+30	157206	4.4042e+07	0	-0.110584	0.0383763	0	8.22234e+22	-6.51012e+22	0	5.972e+24	9.88794e+10	-7.53066e+10	0	36116	17569.3	0	-8.16023e+22	6.21885e+22	0	7.347e+22	1.68851e+10	-7.91082e+10	0	58073.8	-15587.5	0	-6.21139e+20	2.91273e+21	0
3	1.989e+30	588178	4.45057e+07	0	0.100868	0.331415	0	-4.76791e+23	3.19917e+23	0	5.972e+24	-4.39407e+10	2.94963e+10	0	-33135.5	-79257	0	4.70618e+23	-3.15536e+23	0	7.347e+22	-4.1399e+10	2.93742e+10	0	-37318.7	-78305.6	0	6.17322e+21	-4.38096e+21	0
3	1.989e+30	90917.3	4.51907e+07	0	0.0829493	0.0203494	0	7.87102e+22	4.11781e+22	0	5.972e+24	1.20464e+11	6.14145e+10	0	-26988.6	23266.5	0	-7.72963e+22	-3.93755e+22	0	7.347e+22	5.69455e+10	7.26497e+10	0	-51860.1	9349.07	0	-1.41392e+21	-1.80256e+21	0
3	1.989e+30	31610.9	4.62736e+07	0	-0.0466411	0.00647914	0	7.43346e+22	-1.96691e+22	0	5.972e+24	1.39487e+11	-3.82438e+10	0	15801.3	27629.9	0	-7.30796e+22	2.00625e+22	0	7.347e+22	1.16206e+11	3.64755e+10	0	-21729.5	30171	0	-1.25501e+21	-3.93401e+20	0
3	1.989e+30	442504	4.71712e+07	0	-0.178962	0.172998	0	9.99751e+21	-2.74003e+23	0	5.972e+24	2.46853e+09	-7.59859e+10	0	59550.3	-27859.1	0	-8.86867e+21	2.73863e+23	0	7.347e+22	1.29958e+11	-1.607e+10	0	4354.09	32529.8	0	-1.12884e+21	1.40024e+20	0
3	1.989e+30	266562	4.74689e+07	0	0.144293	0.0752231	0	8.36667e+22	1.14864e+23	0	5.972e+24	6.14026e+10	8.60389e+10	0	-48417.5	4813.36	0	-8.25287e+22	-1.15568e+23	0	7.347e+22	1.02659e+11	-6.34918e+10	0	29263.8	23751.2	0	-1.13793e+21	7.04356e+20	0
3	1.989e+30	4590.44	4.84874e+07	0	0.00694037	0.00162938	0	7.16049e+22	1.36085e+21	0	5.972e+24	1.4949e+11	7.62169e+09	0	-2973.03	29677.9	0	-7.06801e+22	-3.57927e+21	0	7.347e+22	3.46703e+10	-8.31046e+10	0	53771	-5006.2	0	-9.24816e+20	2.21841e+21	0
3	1.989e+30	204440	4.9534e+07	0	-0.124999	0.0548105	0	7.55296e+22	-8.3144e+22	0	5.972e+24	8.3929e+10	-8.12139e+10	0	41457.9	12987.5	0	-8.34659e+22	8.08205e+22	0	7.347e+22	-4.66103e+10	-1.36056e+10	0	14113.3	-88068.3	0	7.93626e+21	2.32346e+21	0
3	1.989e+30	533128	4.99018e+07	0	0.163632	0.256924	0	-1.77571e+23	3.79329e+23	0	5.972e+24	-2.64613e+10	5.57718e+10	0	-53748.3	-55327.8	0	1.78692e+23	-3.76395e+23	0	7.347e+22	2.81272e+10	7.36564e+10	0	-60957.5	-6723.49	0	-1.12155e+21	-2.93441e+21	0
3	1.989e+30	60621.7	5.06966e+07	0	0.0672675	0.0129627	0	7.65112e+22	3.06537e+22	0	5.972e+24	1.29989e+11	5.19169e+10	0	-22026.7	25514.6	0	-7.5186e+22	-2.99976e+22	0	7.347e+22	1.02923e+11	5.10064e+10	0	-30646.5	26588.1	0	-1.32529e+21	-6.56114e+20	0
3	1.989e+30	52336.3	5.17829e+07	0	-0.0617543	0.0110058	0	7.58871e+22	-2.75115e+22	0	5.972e+24	1.32413e+11	-4.86967e+10	0	20610.7	26087.4	0	-7.47362e+22	2.75164e+22	0	7.347e+22	1.30183e+11	6.14373e+08	0	-3505.32	32999.9	0	-1.15095e+21	-4.96871e+18	0
3	1.989e+30	511605	5.26051e+07	0	-0.170582	0.235292	0	-1.184e+23	-3.6047e+23	0	5.972e+24	-2.03679e+10	-6.13132e+10	0	56549	-48548.7	0	1.19526e+23	3.59978e+23	0	7.347e+22	1.15502e+11	-5.0344e+10	0	21467	27844.7	0	-1.12584e+21	4.91273e+20	0
3	1.989e+30	214777	5.29558e+07	0	0.127362	0.0561447	0	8.46231e+22	8.5803e+22	0	5.972e+24	7.91734e+10	8.28401e+10	0	-42992.2	11365.4	0	-8.35146e+22	-8.73207e+22	0	7.347e+22	6.00943e+10	-8.2216e+10	0	46645.9	7662.29	0	-1.10852e+21	1.5177e+21	0
3	1.989e+30	6144.43	5.39976e+07	0	-0.00674881	0.00345464	0	6.78859e+22	-6.7918e+21	0	5.972e+24	1.49752e+11	-3.93281e+09	0	1624.09	29733	0	-7.06291e+22	1.88174e+21	0	7.347e+22	-2.87179e+10	-5.13641e+10	0	50691.9	-58900	0	2.74315e+21	4.91006e+21	0
3	1.989e+30	254434	5.50195e+07	0	-0.138444	0.0709326	0	8.32007e+22	-1.01858e+23	0	5.972e+24	6.67536e+10	-8.51354e+10	0	46907.7	6935.31	0	-8.34902e+22	1.06558e+23	0	7.347e+22	-3.96393e+09	6.42928e+10	0	-64896.5	-32576.5	0	2.89547e+20	-4.69989e+21	0
3	1.989e+30	463969	5.53277e+07	0	0.179852	0.189346	0	-1.54976e+22	2.99137e+23	0	5.972e+24	-4.12889e+09	7.28079e+10	0	-59408.3	-33160.3	0	1.68948e+22	-2.98102e+23	0	7.347e+22	8.51228e+10	6.3089e+10	0	-40000	20871.5	0	-1.39729e+21	-1.03462e+21	0
3	1.989e+30	36876.8	5.62053e+07	0	0.0520438	0.0076664	0	7.46265e+22	2.23615e+22	0	5.972e+24	1.37608e+11	4.16586e+10	0	-17191.5	27206.5	0	-7.34385e+22	-2.22006e+22	0	7.347e+22	1.26398e+11	1.71875e+10	0	-11531.6	32442.2	0	-1.18802e+21	-1.60918e+20	0
3	1.989e+30	79470.5	5.72902e+07	0	-0.0771926	0.017311	0	7.78979e+22	-3.67105e+22	0	5.972e+24	1.23447e+11	-5.8449e+10	0	25540.1	24016.7	0	-7.67768e+22	3.63898e+22	0	7.347e+22	1.24349e+11	-3.55245e+10	0	13754.5	30626.2	0	-1.12106e+21	3.20704e+20	0
3	1.989e+30	571441	5.80117e+07	0	-0.124423	0.309244	0	-3.80891e+23	-3.62494e+23	0	5.972e+24	-3.98823e+10	-3.76846e+10	0	40962.3	-73039.1	0	3.82038e+23	3.61429e+23	0	7.347e+22	8.18124e+10	-7.59144e+10	0	38800.8	16498.2	0	-1.14673e+21	1.06495e+21	0
3	1.989e+30	169956	5.84484e+07	0	0.110717	0.0425139	0	8.20351e+22	6.32886e+22	0	5.972e+24	9.48396e+10	7.7414e+10	0	-37594.9	16352.6	0	-8.20311e+22	-6.69044e+22	0	7.347e+22	8.71562e+07	-7.33946e+10	0	58541	-28702.2	0	-3.99289e+18	3.61572e+21	0
3	1.989e+30	10949.8	5.95055e+07	0	-0.0169148	0.00479194	0	6.6006e+22	-1.98582e+21	0	5.972e+24	1.48226e+11	-1.54436e+10	0	6233.37	29430.9	0	-7.09996e+22	7.42736e+21	0	7.347e+22	-3.47529e+10	3.79173e+10	0	-48755.4	-70548.2	0	4.99362e+21	-5.44154e+21	0
3	1.989e+30	309925	6.04994e+07	0	-0.15496	0.0934913	0	7.99854e+22	-1.41365e+23	0	5.972e+24	4.74645e+10	-8.63381e+10	0	52225.8	-1120.68	0	-7.8561e+22	1.43019e+23	0	7.347e+22	6.16752e+10	7.16954e+10	0	-50058.5	11537.7	0	-1.42437e+21	-1.65424e+21	0
3	1.989e+30	393767	6.07769e+07	0	0.174888	0.138921	0	5.10107e+22	2.17453e+23	0	5.972e+24	1.8847e+10	8.22997e+10	0	-57998.7	-16486.3	0	-4.97663e+22	-2.17098e+23	0	7.347e+22	1.1806e+11	3.37633e+10	0	-20198.5	30635.2	0	-1.24434e+21	-3.55179e+20	0
3	1.989e+30	19453.7	6.17158e+07	0	0.0371799	0.0039994	0	7.32258e+22	1.53049e+22	0	5.972e+24	1.43373e+11	3.08273e+10	0	-12453	28428.8	0	-7.20986e+22	-1.54696e+22	0	7.347e+22	1.29478e+11	-1.8857e+10	0	5693.72	32359.3	0	-1.12726e+21	1.64759e+20	0
3	1.989e+30	113156	6.27944e+07	0	-0.0930592	0.0257457	0	8.02522e+22	-4.80971e+22	0	5.972e+24	1.12527e+11	-6.72832e+10	0	30617.2	21302.4	0	-7.91124e+22	4.73506e+22	0	7.347e+22	1.00094e+11	-6.547e+10	0	30607.6	22906.7	0	-1.13983e+21	7.46499e+20	0
3	1.989e+30	602848	6.33921e+07	0	-0.0222103	0.357932	0	-6.28915e+23	-7.34643e+22	0	5.972e+24	-4.97015e+10	-5.55517e+09	0	6721.78	-88955.2	0	6.29773e+23	7.10789e+22	0	7.347e+22	2.96995e+10	-8.24786e+10	0	54905.6	-7862.43	0	-8.58124e+20	2.38539e+21	0
3	1.989e+30	130908	6.39439e+07	0	0.0969363	0.033263	0	7.12423e+22	5.07402e+22	0	5.972e+24	1.0843e+11	7.02811e+10	0	-32325.8	20190.2	0	-7.97538e+22	-5.16442e+22	0	7.347e+22	-4.74713e+10	-4.98674e+09	0	3315.18	-90195.2	0	8.51144e+21	9.03945e+20	0
3	1.989e+30	18392.5	6.50147e+07	0	-0.0304737	0.00431288	0	7.30193e+22	-1.06345e+22	0	5.972e+24	1.449e+11	-2.6763e+10	0	10879.3	28759	0	-7.17957e+22	1.32944e+22	0	7.347e+22	3.41044e+10	7.42189e+10	0	-59329.6	-2962.88	0	-1.22356e+21	-2.65996e+21	0
3	1.989e+30	372062	6.59696e+07	0	-0.169699	0.12568	0	6.24162e+22	-1.95065e+23	0	5.972e+24	2.62249e+10	-8.38866e+10	0	56873.6	-12036.8	0	-6.11069e+22	1.95662e+23	0	7.347e+22	1.05958e+11	4.83455e+10	0	-28824.2	27434.2	0	-1.30924e+21	-5.96506e+20	0
3	1.989e+30	327922	6.6243e+07	0	0.161661	0.102537	0	7.56448e+22	1.57987e+23	0	5.972e+24	4.0624e+10	8.62382e+10	0	-53818.7	-4397.24	0	-7.45001e+22	-1.58011e+23	0	7.347e+22	1.30499e+11	-2.73987e+09	0	-1885.52	32979.4	0	-1.14463e+21	2.46444e+19	0
3	1.989e+30	8255.84	6.72273e+07	0	0.02255	0.00176803	0	7.2313e+22	8.91493e+21	0	5.972e+24	1.47303e+11	1.96174e+10	0	-7794.61	29236.6	0	-7.1185e+22	-9.44626e+21	0	7.347e+22	1.13154e+11	-5.32248e+10	0	23104.7	27106.1	0	-1.12807e+21	5.31332e+20	0
3	1.989e+30	153566	6.82946e+07	0	-0.109398	0.0369489	0	8.25891e+22	-6.29785e+22	0	5.972e+24	9.96241e+10	-7.48997e+10	0	35841.4	17787.7	0	-8.15015e+22	6.13344e+22	0	7.347e+22	5.48856e+10	-8.28965e+10	0	48301.4	5305.72	0	-1.08757e+21	1.64417e+21	0
3	1.989e+30	589692	6.87662e+07	0	0.0934718	0.333732	0	-4.88217e+23	3.00189e+23	0	5.972e+24	-4.45326e+10	2.81099e+10	0	-31692.1	-80172.4	0	4.84394e+23	-3.05116e+23	0	7.347e+22	-3.42809e+10	-4.41231e+10	0	45593.3	-66623.6	0	3.82318e+21	4.92703e+21	0
3	1.989e+30	94311.7	6.94432e+07	0	0.0841114	0.0219829	0	7.76279e+22	4.40853e+22	0	5.972e+24	1.19989e+11	6.1844e+10	0	-27215.5	23150.5	0	-7.73995e+22	-3.98454e+22	0	7.347e+22	3.6403e+09	6.77484e+10	0	-64882.4	-25449.1	0	-2.2844e+20	-4.23986e+21	0
3	1.989e+30	31762	7.05248e+07	0	-0.0454052	0.00658928	0	7.43944e+22	-1.88215e+22	0	5.972e+24	1.39762e+11	-3.77349e+10	0	15586.6	27688.3	0	-7.30146e+22	1.97519e+22	0	7.347e+22	8.976e+10	6.05998e+10	0	-37737.8	22441.3	0	-1.37985e+21	-9.30426e+20	0
3	1.989e+30	439439	7.14251e+07	0	-0.178352	0.170586	0	1.35649e+22	-2.69862e+23	0	5.972e+24	3.51713e+09	-7.64453e+10	0	59518.7	-27057.3	0	-1.23878e+22	2.69984e+23	0	7.347e+22	1.27703e+11	1.3325e+10	0	-9581.01	32666.6	0	-1.17707e+21	-1.22132e+20	0
3	1.989e+30	268398	7.17213e+07	0	0.145529	0.0760221	0	8.34984e+22	1.16739e+23	0	5.972e+24	6.05459e+10	8.6144e+10	0	-48661.5	4469.79	0	-8.23776e+22	-1.17099e+23	0	7.347e+22	1.22595e+11	-3.92174e+10	0	15645.3	30049.5	0	-1.12086e+21	3.59247e+20	0
3	1.989e+30	3204.31	7.27392e+07	0	0.00804635	0.00094067	0	7.18366e+22	2.66543e+21	0	5.972e+24	1.49435e+11	8.16968e+09	0	-3182.34	29666.9	0	-7.06929e+22	-3.829e+21	0	7.347e+22	7.66524e+10	-7.79065e+10	0	40843.1	14528.5	0	-1.14368e+21	1.16357e+21	0
3	1.989e+30	200811	7.37889e+07	0	-0.125882	0.0521656	0	8.2943e+22	-8.38502e+22	0	5.972e+24	8.4662e+10	-8.09576e+10	0	41210	13225.9	0	-8.34062e+22	7.98348e+22	0	7.347e+22	-7.953e+09	-6.89406e+10	0	58154.1	-35842.9	0	4.63113e+20	4.01549e+21	0
3	1.989e+30	538024	7.41593e+07	0	0.161833	0.262249	0	-1.92743e+23	3.84083e+23	0	5.972e+24	-2.74124e+10	5.48008e+10	0	-53200.3	-56452.8	0	1.89483e+23	-3.78394e+23	0	7.347e+22	-2.71134e+10	4.73936e+10	0	-56798.7	-59441.5	0	3.25946e+21	-5.68934e+21	0
3	1.989e+30	63068.4	7.49481e+07	0	0.0685552	0.0136821	0	7.67038e+22	3.18521e+22	0	5.972e+24	1.29603e+11	5.23919e+10	0	-22247.8	25425	0	-7.52693e+22	-3.03821e+22	0	7.347e+22	6.80565e+10	6.98231e+10	0	-47531.2	14391.9	0	-1.4345e+21	-1.47005e+21	0
3	1.989e+30	51633.8	7.6034e+07	0	-0.0605591	0.0108354	0	7.5886e+22	-2.68482e+22	0	5.972e+24	1.32771e+11	-4.82199e+10	0	20394.2	26166.4	0	-7.46511e+22	2.71566e+22	0	7.347e+22	1.20107e+11	3.00769e+10	0	-18264.9	31194.9	0	-1.23485e+21	-3.0842e+20	0
3	1.989e+30	508230	7.686e+07	0	-0.17104	0.232076	0	-1.10248e+23	-3.5693e+23	0	5.972e+24	-1.94058e+10	-6.21044e+10	0	56877	-47530.4	0	1.11376e+23	3.56736e+23	0	7.347e+22	1.28656e+11	-2.2069e+10	0	7204.27	32141.4	0	-1.12799e+21	1.94193e+20	0
3	1.989e+30	215549	7.72082e+07	0	0.128606	0.0563496	0	8.46794e+22	8.7552e+22	0	5.972e+24	7.84568e+10	8.30548e+10	0	-43224.5	11119.7	0	-8.35346e+22	-8.83423e+22	0	7.347e+22	9.74533e+10	-6.71939e+10	0	31837	22092.5	0	-1.14482e+21	7.90317e+20	0
3	1.989e+30	4007.63	7.82508e+07	0	-0.00634355	0.00162038	0	7.1432e+22	-4.14055e+21	0	5.972e+24	1.49781e+11	-3.41928e+09	0	1430.15	29737.3	0	-7.06192e+22	1.65043e+21	0	7.347e+22	2.67847e+10	-8.19576e+10	0	55484.9	-9598.06	0	-8.12862e+20	2.49012e+21	0
3	1.989e+30	253774	7.92752e+07	0	-0.140179	0.0722145	0	7.49346e+22	-1.0582e+23	0	5.972e+24	6.75084e+10	-8.49977e+10	0	46682.5	7220.93	0	-8.35551e+22	1.05308e+23	0	7.347e+22	-4.74436e+10	-2.74347e+09	0	381.879	-90497.7	0	8.6205e+21	5.11244e+20	0
3	1.989e+30	468663	7.95824e+07	0	0.180415	0.192599	0	-1.98993e+22	3.04371e+23	0	5.972e+24	-5.0646e+09	7.23055e+10	0	-59356.9	-33951.4	0	2.11319e+22	-3.017e+23	0	7.347e+22	3.41064e+10	7.40164e+10	0	-59418.7	-2884.57	0	-1.23253e+21	-2.67142e+21	0
3	1.989e+30	38456.7	8.04564e+07	0	0.0532695	0.00803134	0	7.48149e+22	2.30974e+22	0	5.972e+24	1.37343e+11	4.2107e+10	0	-17382.3	27147.8	0	-7.34968e+22	-2.24881e+22	0	7.347e+22	1.05201e+11	4.87106e+10	0	-29204	27329.8	0	-1.31813e+21	-6.09301e+20	0
3	1.989e+30	78081.7	8.15414e+07	0	-0.0760015	0.0169443	0	7.78394e+22	-3.6019e+22	0	5.972e+24	1.23838e+11	-5.80568e+10	0	25343.6	24109.2	0	-7.66883e+22	3.60051e+22	0	7.347e+22	1.30165e+11	-1.49643e+09	0	-2517.49	33029.1	0	-1.15106e+21	1.39653e+19	0
3	1.989e+30	568368	8.22676e+07	0	-0.126653	0.306083	0	-3.68606e+23	-3.66143e+23	0	5.972e+24	-3.92589e+10	-3.8753e+10	0	41909.7	-72122.5	0	3.69736e+23	3.65633e+23	0	7.347e+22	1.14345e+11	-5.153e+10	0	22164.3	27559.5	0	-1.12967e+21	5.09942e+20	0
3	1.989e+30	169463	8.27015e+07	0	0.111753	0.0416939	0	8.32112e+22	6.60237e+22	0	5.972e+24	9.42813e+10	7.7682e+10	0	-37798.6	16184.9	0	-8.21051e+22	-6.75736e+22	0	7.347e+22	5.88e+10	-8.23051e+10	0	47047.6	7127.3	0	-1.10604e+21	1.54988e+21	0
3	1.989e+30	10458.3	8.3761e+07	0	-0.0200569	0.00432386	0	6.81775e+22	-1.21378e+22	0	5.972e+24	1.48319e+11	-1.49867e+10	0	6059.03	29448.6	0	-7.09756e+22	7.21319e+21	0	7.347e+22	-2.89861e+10	-5.09465e+10	0	50478.8	-59313.8	0	2.79806e+21	4.92457e+21	0
3	1.989e+30	310118	8.47533e+07	0	-0.153839	0.0941201	0	7.85372e+22	-1.36643e+23	0	5.972e+24	4.82185e+10	-8.6328e+10	0	52035.3	-776.505	0	-7.8899e+22	1.41412e+23	0	7.347e+22	-4.83804e+09	6.37679e+10	0	-64904.2	-33460.5	0	3.61755e+20	-4.76812e+21	0
3	1.989e+30	397513	8.503e+07	0	0.175991	0.140859	0	4.96974e+22	2.20739e+23	0	5.972e+24	1.80218e+10	8.20876e+10	0	-58114.6	-17006.4	0	-4.82909e+22	-2.19671e+23	0	7.347e+22	8.37086e+10	6.36406e+10	0	-40645.1	20452.5	0	-1.40643e+21	-1.06774e+21	0
3	1.989e+30	20117.7	8.59667e+07	0	0.038355	0.00411053	0	7.33333e+22	1.58761e+22	0	5.972e+24	1.432e+11	3.12519e+10	0	-12622.4	28391.8	0	-7.21369e+22	-1.56983e+22	0	7.347e+22	1.25606e+11	1.87526e+10	0	-12347.3	32364	0	-1.19643e+21	-1.77714e+20	0
3	1.989e+30	110958	8.70459e+07	0	-0.091849	0.0251222	0	8.01473e+22	-4.72144e+22	0	5.972e+24	1.12951e+11	-6.69641e+10	0	30434.1	21411.3	0	-7.90235e+22	4.69134e+22	0	7.347e+22	1.25074e+11	-3.34157e+10	0	12733.9	30932.3	0	-1.12386e+21	3.01025e+20	0
3	1.989e+30	600513	8.76489e+07	0	-0.0258182	0.356456	0	-6.25491e+23	-8.69764e+22	0	5.972e+24	-4.96021e+10	-6.72621e+09	0	8137.26	-88777.7	0	6.2664e+23	8.59672e+22	0	7.347e+22	8.48648e+10	-7.4412e+10	0	37520.8	17675.7	0	-1.14956e+21	1.00923e+21	0
3	1.989e+30	130211	8.81993e+07	0	0.095429	0.0311644	0	8.00871e+22	4.87464e+22	0	5.972e+24	1.08006e+11	7.05735e+10	0	-32501.1	20075.1	0	-7.98293e+22	-5.20941e+22	0	7.347e+22	5.85802e+09	-7.591e+10	0	58370.7	-24028.3	0	-2.5779e+20	3.34773e+21	0
3	1.989e+30	20694.6	8.92688e+07	0	-0.0307298	0.0070236	0	6.53134e+22	-8.36462e+21	0	5.972e+24	1.45043e+11	-2.6367e+10	0	10724.4	28787	0	-7.17592e+22	1.30906e+22	0	7.347e+22	-3.98446e+10	2.92924e+10	0	-39804.1	-78628.4	0	6.44575e+21	-4.726e+21	0
3	1.989e+30	371804	9.02227e+07	0	-0.168432	0.125152	0	6.34234e+22	-1.91765e+23	0	5.972e+24	2.69391e+10	-8.40116e+10	0	56744.2	-11627.3	0	-6.2012e+22	1.93637e+23	0	7.347e+22	5.48888e+10	7.29252e+10	0	-52623.3	8426.06	0	-1.41145e+21	-1.87274e+21	0
3	1.989e+30	330477	9.04952e+07	0	0.162883	0.103628	0	7.53195e+22	1.59969e+23	0	5.972e+24	3.99665e+10	8.62095e+10	0	-53969.6	-4722.55	0	-7.40531e+22	-1.59549e+23	0	7.347e+22	1.14777e+11	3.81322e+10	0	-22705.4	29898	0	-1.26641e+21	-4.19695e+20	0
3	1.989e+30	7902.89	9.14783e+07	0	0.0237118	0.0016207	0	7.23375e+22	9.50473e+21	0	5.972e+24	1.47213e+11	1.9993e+10	0	-7936.9	29216.9	0	-7.12026e+22	-9.62433e+21	0	7.347e+22	1.30023e+11	-1.36033e+10	0	3217.69	32697	0	-1.13487e+21	1.19599e+20	0
3	1.989e+30	150452	9.25467e+07	0	-0.108166	0.0358773	0	8.25698e+22	-6.15188e+22	0	5.972e+24	1.00044e+11	-7.46679e+10	0	35682.4	17906.7	0	-8.143e+22	6.08548e+22	0	7.347e+22	1.05062e+11	-6.11356e+10	0	27853.8	24646.2	0	-1.13985e+21	6.64008e+20	0
3	1.989e+30	587964	9.30239e+07	0	0.0904844	0.333017	0	-4.92051e+23	2.96282e+23	0	5.972e+24	-4.48818e+10	2.72387e+10	0	-30779	-80734.5	0	4.93045e+23	-2.98311e+23	0	7.347e+22	4.08834e+10	-8.33285e+10	0	52245.8	-1570.34	0	-9.94587e+20	2.02971e+21	0
3	1.989e+30	96919.4	9.36994e+07	0	0.0810758	0.0242823	0	7.09378e+22	3.62131e+22	0	5.972e+24	1.197e+11	6.21214e+10	0	-27354.6	23077.4	0	-7.74557e+22	-4.01348e+22	0	7.347e+22	-4.33878e+10	-2.60223e+10	0	28606.5	-81753.5	0	6.51787e+21	3.92174e+21	0
3	1.989e+30	33939.8	9.47771e+07	0	-0.0440759	0.00784399	0	7.38146e+22	-1.60758e+22	0	5.972e+24	1.39929e+11	-3.74213e+10	0	15459.4	27722.1	0	-7.29724e+22	1.95662e+22	0	7.347e+22	1.72838e+10	7.17439e+10	0	-63378	-14276.9	0	-8.42262e+20	-3.49036e+21	0
3	1.989e+30	438822	9.56779e+07	0	-0.177371	0.169534	0	1.56756e+22	-2.67009e+23	0	5.972e+24	4.11022e+09	-7.66891e+10	0	59496.7	-26608.6	0	-1.43134e+22	2.67801e+23	0	7.347e+22	9.61889e+10	5.60175e+10	0	-34349.3	24673.9	0	-1.36222e+21	-7.91901e+20	0
3	1.989e+30	269562	9.59729e+07	0	0.146759	0.0764811	0	8.34528e+22	1.17998e+23	0	5.972e+24	6.00834e+10	8.62141e+10	0	-48791.6	4281.45	0	-8.22815e+22	-1.17925e+23	0	7.347e+22	1.28681e+11	8.05751e+09	0	-7091.88	32932.4	0	-1.17129e+21	-7.24336e+19	0
3	1.989e+30	1670.1	9.69906e+07	0	0.00923044	0.000410837	0	7.18209e+22	3.55555e+21	0	5.972e+24	1.49411e+11	8.46864e+09	0	-3290.81	29660.2	0	-7.06945e+22	-3.9597e+21	0	7.347e+22	1.20171e+11	-4.30126e+10	0	17604.2	29418.9	0	-1.12646e+21	4.0415e+20	0
3	1.989e+30	196751	9.80424e+07	0	-0.124931	0.0500133	0	8.45149e+22	-8.0598e+22	0	5.972e+24	8.50257e+10	-8.08168e+10	0	41087.3	13343.1	0	-8.33744e+22	7.93484e+22	0	7.347e+22	7.2393e+10	-7.91966e+10	0	42387.4	12901.9	0	-1.14048e+21	1.24965e+21	0
3	1.989e+30	538825	9.84185e+07	0	0.156792	0.263141	0	-1.95493e+23	3.7497e+23	0	5.972e+24	-2.78608e+10	5.43482e+10	0	-52927.8	-56987.3	0	1.94699e+23	-3.79216e+23	0	7.347e+22	-1.23563e+10	-6.59597e+10	0	57511.6	-40147.3	0	7.94629e+20	4.24574e+21	0
3	1.989e+30	67030.9	9.92017e+07	0	0.069297	0.0163896	0	7.25983e+22	3.6246e+22	0	5.972e+24	1.29416e+11	5.26283e+10	0	-22353.6	25382.3	0	-7.53122e+22	-3.05668e+22	0	7.347e+22	-2.40086e+10	5.03228e+10	0	-59019.8	-55436.3	0	2.71386e+21	-5.67914e+21	0
3	1.989e+30	52959.8	1.00285e+08	0	-0.0591979	0.011308	0	7.60425e+22	-2.55776e+22	0	5.972e+24	1.32942e+11	-4.79761e+10	0	20289.1	26204.4	0	-7.46113e+22	2.6984e+22	0	7.347e+22	7.03211e+10	6.92073e+10	0	-46574.1	15309.5	0	-1.43123e+21	-1.4064e+21	0
3	1.989e+30	507069	1.01113e+08	0	-0.170594	0.230593	0	-1.06194e+23	-3.54791e+23	0	5.972e+24	-1.89248e+10	-6.24795e+10	0	57031.5	-47027.2	0	1.07422e+23	3.55081e+23	0	7.347e+22	1.21003e+11	2.8638e+10	0	-17436.2	31384.5	0	-1.22836e+21	-2.89659e+20	0
3	1.989e+30	215509	1.0146e+08	0	0.129843	0.0563597	0	8.46743e+22	8.86608e+22	0	5.972e+24	7.80907e+10	8.31719e+10	0	-43343	10994.3	0	-8.35472e+22	-8.88691e+22	0	7.347e+22	1.28286e+11	-2.36075e+10	0	7986.56	32005.3	0	-1.12705e+21	2.08328e+20	0
3	1.989e+30	1425.19	1.02503e+08	0	-0.00519993	0.000463856	0	7.17631e+22	-2.35049e+21	0	5.972e+24	1.49792e+11	-3.14368e+09	0	1329.94	29739.6	0	-7.06163e+22	1.53174e+21	0	7.347e+22	9.57614e+10	-6.82633e+10	0	32669.8	21529	0	-1.14676e+21	8.18755e+20	0
3	1.989e+30	249955	1.03531e+08	0	-0.141879	0.068848	0	8.43446e+22	-1.07261e+23	0	5.972e+24	6.79049e+10	-8.49117e+10	0	46563.4	7370.33	0	-8.35865e+22	1.04657e+23	0	7.347e+22	2.37044e+10	-8.13172e+10	0	56102.1	-11501.6	0	-7.5809e+20	2.60463e+21	0
3	1.989e+30	473193	1.03839e+08	0	0.178369	0.197137	0	-3.2185e+22	3.04145e+23	0	5.972e+24	-5.57196e+09	7.20368e+10	0	-59325.4	-34385	0	2.34983e+22	-3.03671e+23	0	7.347e+22	-4.72822e+10	2.67184e+09	0	-6595.07	-90489.7	0	8.68674e+21	-4.73452e+20	0
3	1.989e+30	41397.7	1.04708e+08	0	0.0546612	0.00916647	0	7.48094e+22	2.51628e+22	0	5.972e+24	1.37194e+11	4.23623e+10	0	-17487.4	27115.6	0	-7.35311e+22	-2.26468e+22	0	7.347e+22	3.76516e+10	7.42264e+10	0	-58346.3	-779.907	0	-1.27824e+21	-2.516e+21	0
3	1.989e+30	78294.4	1.05792e+08	0	-0.0747259	0.0169843	0	7.79487e+22	-3.52163e+22	0	5.972e+24	1.24054e+11	-5.78273e+10	0	25234.1	24160.3	0	-7.66397e+22	3.57929e+22	0	7.347e+22	1.06871e+11	4.71779e+10	0	-28152.3	27792.5	0	-1.30903e+21	-5.76526e+20	0
3	1.989e+30	566701	1.06521e+08	0	-0.127343	0.304311	0	-3.61657e+23	-3.67834e+23	0	5.972e+24	-3.88995e+10	-3.93411e+10	0	42432.1	-71599.3	0	3.62805e+23	3.67804e+23	0	7.347e+22	1.30273e+11	-3.30985e+09	0	-1616.61	33014.9	0	-1.14823e+21	3.01407e+19	0
3	1.989e+30	168425	1.06954e+08	0	0.11299	0.0412429	0	8.32813e+22	6.74292e+22	0	5.972e+24	9.39599e+10	7.7843e+10	0	-37915.4	16088.6	0	-8.21495e+22	-6.79609e+22	0	7.347e+22	1.13044e+11	-5.30078e+10	0	23048.6	27168.2	0	-1.13173e+21	5.31795e+20	0
3	1.989e+30	7161.43	1.08015e+08	0	-0.0196595	0.00188396	0	7.20592e+22	-8.70647e+21	0	5.972e+24	1.4837e+11	-1.47131e+10	0	5958.2	29458.6	0	-7.0963e+22	7.09012e+21	0	7.347e+22	5.61016e+10	-8.26015e+10	0	47916.9	5921.11	0	-1.09626e+21	1.61635e+21	0
3	1.989e+30	309789	1.09011e+08	0	-0.157678	0.0946149	0	7.5776e+22	-1.45437e+23	0	5.972e+24	4.86594e+10	-8.63097e+10	0	51923	-576.472	0	-7.90898e+22	1.40479e+23	0	7.347e+22	-3.17707e+10	-4.74467e+10	0	48156.8	-63115.2	0	3.31381e+21	4.95878e+21	0
3	1.989e+30	402129	1.09284e+08	0	0.177096	0.143659	0	4.73027e+22	2.25772e+23	0	5.972e+24	1.75297e+10	8.19661e+10	0	-58182.7	-17319	0	-4.73893e+22	-2.21226e+23	0	7.347e+22	-1.25227e+09	6.55951e+10	0	-65026	-29940.9	0	8.65722e+19	-4.54574e+21	0
3	1.989e+30	21907.4	1.10218e+08	0	0.0396688	0.00459063	0	7.35605e+22	1.68557e+22	0	5.972e+24	1.43094e+11	3.15151e+10	0	-12724.1	28369.4	0	-7.21608e+22	-1.58356e+22	0	7.347e+22	8.57622e+10	6.26197e+10	0	-39647.6	21183	0	-1.39962e+21	-1.02008e+21	0
3	1.989e+30	110155	1.11297e+08	0	-0.0906185	0.0248686	0	8.01636e+22	-4.64892e+22	0	5.972e+24	1.13206e+11	-6.67608e+10	0	30323.3	21476.8	0	-7.89707e+22	4.66516e+22	0	7.347e+22	1.26124e+11	1.72837e+10	0	-11576.1	32478.3	0	-1.19294e+21	-1.624e+20	0
3	1.989e+30	598835	1.11903e+08	0	-0.0275447	0.355594	0	-6.23296e+23	-9.54096e+22	0	5.972e+24	-4.95308e+10	-7.4404e+09	0	9009.02	-88651.5	0	6.24421e+23	9.50953e+22	0	7.347e+22	1.24471e+11	-3.46691e+10	0	13399.6	30762.4	0	-1.12478e+21	3.1433e+20	0
3	1.989e+30	128157	1.12452e+08	0	0.0965071	0.0298614	0	8.10304e+22	5.13418e+22	0	5.972e+24	1.07737e+11	7.07634e+10	0	-32611.6	20002.8	0	-7.98797e+22	-5.23798e+22	0	7.347e+22	8.33112e+10	-7.5034e+10	0	38166.8	17128.3	0	-1.1507e+21	1.038e+21	0
3	1.989e+30	18821.7	1.13525e+08	0	-0.0340644	0.00501722	0	7.1906e+22	-1.6415e+22	0	5.972e+24	1.45131e+11	-2.61062e+10	0	10625.5	28804.8	0	-7.17375e+22	1.29618e+22	0	7.347e+22	3.66645e+09	-7.49141e+10	0	58505	-25758.1	0	-1.68483e+20	3.45318e+21	0
3	1.989e+30	373858	1.14478e+08	0	-0.168542	0.127491	0	5.65579e+22	-1.87338e+23	0	5.972e+24	2.74033e+10	-8.40817e+10	0	56658.7	-11362.9	0	-6.25852e+22	1.92332e+23	0	7.347e+22	-3.84434e+10	3.19573e+10	0	-42673.6	-76375.9	0	6.0273e+21	-4.99415e+21	0
3	1.989e+30	333949	1.14748e+08	0	0.164269	0.105048	0	7.51667e+22	1.62409e+23	0	5.972e+24	3.95278e+10	8.61945e+10	0	-54070.2	-4940.34	0	-7.37507e+22	-1.60588e+23	0	7.347e+22	5.64198e+10	7.27138e+10	0	-52043.8	9164.63	0	-1.41602e+21	-1.82169e+21	0
3	1.989e+30	8629.06	1.15729e+08	0	0.0249364	0.00175466	0	7.24745e+22	1.01438e+22	0	5.972e+24	1.47139e+11	2.02612e+10	0	-8037.99	29204.4	0	-7.12252e+22	-9.75027e+21	0	7.347e+22	1.16395e+11	3.6782e+10	0	-21717.6	30086.8	0	-1.24928e+21	-3.93541e+20	0
3	1.989e+30	148592	1.16798e+08	0	-0.106942	0.0353166	0	8.25068e+22	-6.06416e+22	0	5.972e+24	1.00355e+11	-7.44841e+10	0	35561.6	17997.3	0	-8.13817e+22	6.05004e+22	0	7.347e+22	1.30137e+11	-1.62118e+10	0	4533.44	32459.6	0	-1.12514e+21	1.4119e+20	0
3	1.989e+30	586574	1.17279e+08	0	0.0889332	0.333511	0	-4.99288e+23	2.9153e+23	0	5.972e+24	-4.51717e+10	2.64876e+10	0	-29984.5	-81207.5	0	5.00426e+23	-2.92244e+23	0	7.347e+22	1.02088e+11	-6.39078e+10	0	29663.6	23499.3	0	-1.13805e+21	7.13786e+20	0
3	1.989e+30	94964.9	1.17954e+08	0	0.0805206	0.0216933	0	7.84245e+22	3.81203e+22	0	5.972e+24	1.19417e+11	6.23728e+10	0	-27486.3	23010.9	0	-7.75247e+22	-4.04131e+22	0	7.347e+22	3.2518e+10	-8.27226e+10	0	54343.1	-6262	0	-8.99875e+20	2.29283e+21	0
3	1.989e+30	35856.8	1.19033e+08	0	-0.0463066	0.0105229	0	6.45854e+22	-2.08455e+22	0	5.972e+24	1.40084e+11	-3.71052e+10	0	15330.4	27757.5	0	-7.29403e+22	1.93839e+22	0	7.347e+22	-4.72381e+10	-8.15388e+09	0	7492.55	-89677.4	0	8.35496e+21	1.46161e+21	0
3	1.989e+30	439175	1.19932e+08	0	-0.176347	0.169093	0	1.76118e+22	-2.62662e+23	0	5.972e+24	4.77354e+09	-7.69586e+10	0	59467.3	-26110.1	0	-1.64137e+22	2.65378e+23	0	7.347e+22	3.27061e+10	7.42842e+10	0	-59676.7	-3905.04	0	-1.19809e+21	-2.71634e+21	0
3	1.989e+30	272154	1.20225e+08	0	0.148065	0.0773908	0	8.34837e+22	1.19588e+23	0	5.972e+24	5.95034e+10	8.62824e+10	0	-48955.8	4048.49	0	-8.21768e+22	-1.18984e+23	0	7.347e+22	1.05655e+11	4.89648e+10	0	-29077.3	27239.3	0	-1.30684e+21	-6.04089e+20	0
3	1.989e+30	1430.41	1.21242e+08	0	0.0103913	0.000302131	0	7.18534e+22	4.11127e+21	0	5.972e+24	1.49361e+11	8.85383e+09	0	-3436.43	29653.2	0	-7.07119e+22	-4.13291e+21	0	7.347e+22	1.30684e+11	-2.34565e+09	0	-1985.79	32930.3	0	-1.14146e+21	2.16414e+19	0
3	1.989e+30	193677	1.22294e+08	0	-0.123684	0.048981	0	8.44571e+22	-7.91858e+22	0	5.972e+24	8.55474e+10	-8.06203e+10	0	40908.5	13512.7	0	-8.33302e+22	7.86552e+22	0	7.347e+22	1.13222e+11	-5.31873e+10	0	23164.5	27058.6	0	-1.12691e+21	5.30598e+20	0
3	1.989e+30	538480	1.22675e+08	0	0.155789	0.264028	0	-2.02063e+23	3.78778e+23	0	5.972e+24	-2.85654e+10	5.36028e+10	0	-52483.5	-57838.1	0	2.03149e+23	-3.80439e+23	0	7.347e+22	5.42545e+10	-8.28491e+10	0	48550.8	4976.61	0	-1.08622e+21	1.66134e+21	0
3	1.989e+30	68399.7	1.23458e+08	0	0.0660083	0.0170809	0	7.12785e+22	2.59676e+22	0	5.972e+24	1.291e+11	5.29979e+10	0	-22528.1	25312.7	0	-7.53899e+22	-3.08748e+22	0	7.347e+22	-3.54457e+10	-4.21953e+10	0	44202.4	-68492.2	0	4.11138e+21	4.90717e+21	0
3	1.989e+30	54481.6	1.24538e+08	0	-0.0579983	0.0125368	0	7.49231e+22	-2.26195e+22	0	5.972e+24	1.33222e+11	-4.75802e+10	0	20112	26268.9	0	-7.45496e+22	2.66969e+22	0	7.347e+22	6.28929e+09	6.88579e+10	0	-64659.3	-23195.3	0	-3.73452e+20	-4.07732e+21	0
3	1.989e+30	505626	1.25367e+08	0	-0.170647	0.228288	0	-9.93331e+22	-3.5125e+23	0	5.972e+24	-1.80845e+10	-6.31401e+10	0	57287	-46156.4	0	1.00701e+23	3.52138e+23	0	7.347e+22	9.17607e+10	5.9652e+10	0	-36763.8	22993.9	0	-1.36789e+21	-8.87308e+20	0
3	1.989e+30	217498	1.25712e+08	0	0.131099	0.057014	0	8.4742e+22	8.99373e+22	0	5.972e+24	7.74265e+10	8.33572e+10	0	-43557	10767.9	0	-8.35734e+22	-8.98333e+22	0	7.347e+22	1.28434e+11	1.15691e+10	0	-8628.91	32698.7	0	-1.16861e+21	-1.04085e+20	0
3	1.989e+30	430.452	1.26754e+08	0	-0.00405562	0.0001488	0	7.17369e+22	-1.69359e+21	0	5.972e+24	1.49805e+11	-2.65784e+09	0	1145.45	29744.3	0	-7.06176e+22	1.31403e+21	0	7.347e+22	1.21666e+11	-4.11237e+10	0	16687.6	29671.6	0	-1.11932e+21	3.79561e+20	0
3	1.989e+30	245887	1.27785e+08	0	-0.140687	0.0670947	0	8.47834e+22	-1.04673e+23	0	5.972e+24	6.86488e+10	-8.47665e+10	0	46338.8	7649.91	0	-8.36413e+22	1.03445e+23	0	7.347e+22	7.33582e+10	-7.88961e+10	0	42085	13237.7	0	-1.14214e+21	1.22894e+21	0
3	1.989e+30	474784	1.28097e+08	0	0.175786	0.197761	0	-2.88942e+22	3.03181e+23	0	5.972e+24	-6.53676e+09	7.14949e+10	0	-59255.1	-35216.8	0	2.81322e+22	-3.07413e+23	0	7.347e+22	-1.19309e+10	-6.61674e+10	0	57624.9	-39790	0	7.61934e+20	4.23133e+21	0
3	1.989e+30	44529.5	1.28961e+08	0	0.0553055	0.0113463	0	7.09854e+22	2.8621e+22	0	5.972e+24	1.36903e+11	4.28304e+10	0	-17689.7	27053.6	0	-7.36008e+22	-2.29551e+22	0	7.347e+22	-2.3438e+10	5.08854e+10	0	-59337.5	-54750.4	0	2.61543e+21	-5.6659e+21	0
3	1.989e+30	78362.8	1.30044e+08	0	-0.0734258	0.0171348	0	7.79755e+22	-3.40104e+22	0	5.972e+24	1.24467e+11	-5.74023e+10	0	25022.1	24259.4	0	-7.65492e+22	3.53854e+22	0	7.347e+22	7.14322e+10	6.89983e+10	0	-46117.6	15665.1	0	-1.42634e+21	-1.37503e+21	0
3	1.989e+30	564860	1.30777e+08	0	-0.129773	0.301257	0	-3.48057e+23	-3.71348e+23	0	5.972e+24	-3.81817e+10	-4.05061e+10	0	43429	-70562.9	0	3.49278e+23	3.71625e+23	0	7.347e+22	1.21754e+11	2.77373e+10	0	-16882.5	31448.5	0	-1.22055e+21	-2.76712e+20	0
3	1.989e+30	169807	1.31205e+08	0	0.114223	0.0416513	0	8.33618e+22	6.85241e+22	0	5.972e+24	9.33138e+10	7.81372e+10	0	-38148.9	15895.2	0	-8.22387e+22	-6.87437e+22	0	7.347e+22	1.28134e+11	-2.49101e+10	0	8643.46	31830.7	0	-1.12315e+21	2.19531e+20	0
3	1.989e+30	5466.69	1.32266e+08	0	-0.0185189	0.00126963	0	7.2088e+22	-7.68995e+21	0	5.972e+24	1.48467e+11	-1.41861e+10	0	5755.49	29479.2	0	-7.09417e+22	6.84314e+21	0	7.347e+22	9.41043e+10	-6.93791e+10	0	33515.8	20883.9	0	-1.14632e+21	8.46808e+20	0
3	1.989e+30	305205	1.33266e+08	0	-0.157311	0.0915916	0	8.01432e+22	-1.41363e+23	0	5.972e+24	4.95501e+10	-8.62916e+10	0	51694.6	-174.017	0	-7.94626e+22	1.38613e+23	0	7.347e+22	1.99406e+10	-8.04112e+10	0	56789.1	-13983.1	0	-6.80663e+20	2.75037e+21	0
3	1.989e+30	406853	1.3354e+08	0	0.175715	0.147805	0	3.69795e+22	2.26352e+23	0	5.972e+24	1.65103e+10	8.16811e+10	0	-58319	-17971.2	0	-4.54611e+22	-2.24473e+23	0	7.347e+22	-4.62647e+10	1.03763e+10	0	-16565.3	-89178.5	0	8.48159e+21	-1.87946e+21	0
3	1.989e+30	24161.2	1.3447e+08	0	0.0409338	0.00542238	0	7.3554e+22	1.84038e+22	0	5.972e+24	1.42863e+11	3.20392e+10	0	-12938	28322.9	0	-7.22176e+22	-1.61263e+22	0	7.347e+22	4.34937e+10	7.42635e+10	0	-56509.8	2446.91	0	-1.3364e+21	-2.27742e+21	0
3	1.989e+30	109133	1.35548e+08	0	-0.0893723	0.024595	0	8.01506e+22	-4.5586e+22	0	5.972e+24	1.13743e+11	-6.63511e+10	0	30087.3	21616	0	-7.88626e+22	4.61006e+22	0	7.347e+22	1.10128e+11	4.41323e+10	0	-26129.3	28565.6	0	-1.288e+21	-5.14523e+20	0
3	1.989e+30	598067	1.36161e+08	0	-0.0327372	0.354555	0	-6.17681e+23	-1.14804e+23	0	5.972e+24	-4.93502e+10	-9.02325e+09	0	10899.2	-88331.5	0	6.18819e+23	1.14738e+23	0	7.347e+22	1.30584e+11	-7.34092e+09	0	335.218	32875.3	0	-1.13834e+21	6.52088e+19	0
3	1.989e+30	128993	1.36704e+08	0	0.0977287	0.0300165	0	8.11293e+22	5.24407e+22	0	5.972e+24	1.07131e+11	7.11529e+10	0	-32858.6	19840.9	0	-7.99967e+22	-5.30258e+22	0	7.347e+22	1.09907e+11	-5.66347e+10	0	25168.4	26082.4	0	-1.13256e+21	5.8506e+20	0
3	1.989e+30	16580.8	1.37778e+08	0	-0.0330854	0.00385629	0	7.27509e+22	-1.44791e+22	0	5.972e+24	1.45323e+11	-2.5546e+10	0	10402.2	28845.4	0	-7.16944e+22	1.26724e+22	0	7.347e+22	4.87393e+10	-8.31994e+10	0	50157.2	2369.26	0	-1.05652e+21	1.8067e+21	0
3	1.989e+30	370687	1.38735e+08	0	-0.170946	0.125609	0	5.87626e+22	-1.94049e+23	0	5.972e+24	2.84675e+10	-8.42655e+10	0	56459.2	-10760.9	0	-6.38578e+22	1.89372e+23	0	7.347e+22	-3.91146e+10	-3.57833e+10	0	38606.4	-74361.2	0	5.09519e+21	4.67783e+21	0
3	1.989e+30	338753	1.39002e+08	0	0.165429	0.107659	0	7.36029e+22	1.66906e+23	0	5.972e+24	3.84889e+10	8.61177e+10	0	-54306.1	-5458.92	0	-7.30109e+22	-1.63076e+23	0	7.347e+22	1.08287e+10	7.02442e+10	0	-64271.3	-19385.9	0	-5.91973e+20	-3.83069e+21	0
3	1.989e+30	9928.5	1.3998e+08	0	0.0261369	0.00208832	0	7.26239e+22	1.0884e+22	0	5.972e+24	1.46988e+11	2.08408e+10	0	-8264.06	29172.4	0	-7.12572e+22	-1.00339e+22	0	7.347e+22	9.34754e+10	5.82889e+10	0	-35842.6	23655.3	0	-1.3667e+21	-8.5014e+20	0
3	1.989e+30	146658	1.4105e+08	0	-0.105709	0.0347401	0	8.2439e+22	-5.96532e+22	0	5.972e+24	1.0102e+11	-7.41221e+10	0	35307	18185.3	0	-8.12685e+22	5.9747e+22	0	7.347e+22	1.28471e+11	1.04323e+10	0	-8128.29	32783.8	0	-1.17058e+21	-9.37466e+19	0
3	1.989e+30	587477	1.41536e+08	0	0.084722	0.335923	0	-5.13123e+23	2.7955e+23	0	5.972e+24	-4.57083e+10	2.50139e+10	0	-28424.7	-82086.4	0	5.14246e+23	-2.79936e+23	0	7.347e+22	1.21252e+11	-4.14833e+10	0	16877	29631.9	0	-1.12261e+21	3.85419e+20	0
3	1.989e+30	94933.2	1.42207e+08	0	0.0816822	0.0213395	0	7.87696e+22	3.9685e+22	0	5.972e+24	1.1892e+11	6.28148e+10	0	-27720.8	22887.1	0	-7.76265e+22	-4.09078e+22	0	7.347e+22	7.37223e+10	-7.87175e+10	0	41960.2	13380.6	0	-1.14307e+21	1.22282e+21	0
3	1.989e+30	33710.4	1.43287e+08	0	-0.0475081	0.00849178	0	7.21476e+22	-2.32798e+22	0	5.972e+24	1.40359e+11	-3.65849e+10	0	15112.7	27814.5	0	-7.28731e+22	1.90706e+22	0	7.347e+22	-1.1473e+10	-6.64578e+10	0	57719.7	-39326.5	0	7.25505e+20	4.20919e+21	0
3	1.989e+30	438138	1.44187e+08	0	-0.176213	0.168671	0	1.69083e+22	-2.55926e+23	0	5.972e+24	5.8155e+09	-7.73856e+10	0	59414.6	-25336.9	0	-1.96015e+22	2.61598e+23	0	7.347e+22	-2.39146e+10	5.04889e+10	0	-59027.7	-55348	0	2.69324e+21	-5.67171e+21	0
3	1.989e+30	275964	1.44477e+08	0	0.149407	0.0788623	0	8.34193e+22	1.21908e+23	0	5.972e+24	5.866e+10	8.6376e+10	0	-49191.6	3702.76	0	-8.19939e+22	-1.20523e+23	0	7.347e+22	7.10491e+10	6.91845e+10	0	-46265.8	15504.2	0	-1.42548e+21	-1.38487e+21	0
3	1.989e+30	1886.42	1.45492e+08	0	0.0115188	0.000377238	0	7.19142e+22	4.61054e+21	0	5.972e+24	1.49243e+11	9.45726e+09	0	-3668.42	29648.8	0	-7.07739e+22	-4.41436e+21	0	7.347e+22	1.27959e+11	2.21574e+10	0	-13652.5	31254.7	0	-1.14026e+21	-1.96184e+20	0
3	1.989e+30	190577	1.46547e+08	0	-0.122458	0.0480102	0	8.43488e+22	-7.78413e+22	0	5.972e+24	8.64109e+10	-8.02845e+10	0	40607.7	13805	0	-8.32826e+22	7.75244e+22	0	7.347e+22	1.26939e+11	-3.75899e+10	0	14413.7	29587.6	0	-1.06617e+21	3.16965e+20	0
3	1.989e+30	541777	1.46933e+08	0	0.153296	0.26864	0	-2.18622e+23	3.80971e+23	0	5.972e+24	-2.98958e+10	5.21329e+10	0	-51579.3	-59459.1	0	2.19729e+23	-3.82191e+23	0	7.347e+22	7.31334e+10	-8.04677e+10	0	42552.9	11886.4	0	-1.1063e+21	1.21956e+21	0
3	1.989e+30	70176.8	1.47709e+08	0	0.0668317	0.0171365	0	7.29489e+22	2.65921e+22	0	5.972e+24	1.28414e+11	5.37314e+10	0	-22890.1	25172.5	0	-7.55785e+22	-3.1535e+22	0	7.347e+22	-2.77181e+10	-5.19682e+10	0	51334.4	-58601.9	0	2.62967e+21	4.94285e+21	0
3	1.989e+30	52504.4	1.48789e+08	0	-0.056888	0.0119098	0	7.5152e+22	-2.24503e+22	0	5.972e+24	1.3379e+11	-4.67379e+10	0	19732	26413.4	0	-7.44529e+22	2.60938e+22	0	7.347e+22	1.36581e+10	7.13593e+10	0	-63826.3	-17968.6	0	-6.99119e+20	-3.64348e+21	0
3	1.989e+30	499381	1.49626e+08	0	-0.172434	0.222313	0	-8.49059e+22	-3.44549e+23	0	5.972e+24	-1.61638e+10	-6.46249e+10	0	57809.4	-44198.2	0	8.61772e+22	3.45187e+23	0	7.347e+22	1.04694e+11	5.26389e+10	0	-30857.4	25598.5	0	-1.27134e+21	-6.37347e+20	0
3	1.989e+30	222258	1.49965e+08	0	0.132389	0.0587226	0	8.47095e+22	9.22322e+22	0	5.972e+24	7.5772e+10	8.37611e+10	0	-44081.2	10206.1	0	-8.36264e+22	-9.22719e+22	0	7.347e+22	1.34063e+11	-4.76079e+09	0	-921.58	32105.9	0	-1.08315e+21	3.97062e+19	0
3	1.989e+30	916.198	1.51005e+08	0	-0.00302239	0.000293604	0	7.17412e+22	-1.36094e+21	0	5.972e+24	1.49792e+11	-1.4542e+09	0	677.488	29760.9	0	-7.06544e+22	7.58545e+20	0	7.347e+22	1.09589e+11	-6.05897e+10	0	26753.5	24406	0	-1.08675e+21	6.0239e+20	0
3	1.989e+30	241686	1.52037e+08	0	-0.139391	0.0656926	0	8.46577e+22	-1.02683e+23	0	5.972e+24	7.05566e+10	-8.43936e+10	0	45754.7	8371.41	0	-8.378e+22	1.00399e+23	0	7.347e+22	3.20275e+10	-8.31885e+10	0	54456.8	-7451.8	0	-8.77696e+20	2.28439e+21	0
3	1.989e+30	484182	1.52353e+08	0	0.178015	0.206753	0	-5.03751e+22	3.21043e+23	0	5.972e+24	-9.26609e+09	6.98368e+10	0	-58985.1	-37625	0	4.2262e+22	-3.1803e+23	0	7.347e+22	-4.45069e+10	1.66732e+10	0	-24658.7	-87467.1	0	8.11302e+21	-3.01325e+21	0
3	1.989e+30	44156.1	1.5321e+08	0	0.0567898	0.00948289	0	7.52372e+22	2.55195e+22	0	5.972e+24	1.35972e+11	4.41684e+10	0	-18298.3	26870.4	0	-7.38536e+22	-2.39052e+22	0	7.347e+22	6.23303e+10	7.28795e+10	0	-50051.4	10587.6	0	-1.38365e+21	-1.6143e+21	0
3	1.989e+30	72693.5	1.54295e+08	0	-0.0725313	0.0156548	0	7.74701e+22	-3.38926e+22	0	5.972e+24	1.25699e+11	-5.6107e+10	0	24364.7	24568.5	0	-7.63092e+22	3.41572e+22	0	7.347e+22	1.24794e+11	2.86008e+10	0	-16891.3	30606.6	0	-1.16089e+21	-2.64601e+20	0
3	1.989e+30	557164	1.55044e+08	0	-0.139855	0.29088	0	-3.04869e+23	-3.80624e+23	0	5.972e+24	-3.57153e+10	-4.42625e+10	0	46438.7	-67093.8	0	3.05934e+23	3.80365e+23	0	7.347e+22	1.29604e+11	-3.13489e+10	0	11415.7	30403.4	0	-1.06549e+21	2.59027e+20	0
3	1.989e+30	178427	1.55458e+08	0	0.115534	0.0443227	0	8.36768e+22	7.05173e+22	0	5.972e+24	9.10156e+10	7.90616e+10	0	-38964.5	15211.5	0	-8.25661e+22	-7.15766e+22	0	7.347e+22	8.1584e+10	-7.76525e+10	0	39445.4	15086.9	0	-1.11062e+21	1.05929e+21	0
3	1.989e+30	8717.64	1.56514e+08	0	-0.0171825	0.00348816	0	6.97315e+22	-1.04367e+22	0	5.972e+24	1.48745e+11	-1.23477e+10	0	5027.21	29554.9	0	-7.09115e+22	5.96257e+21	0	7.347e+22	-1.65519e+10	-6.26296e+10	0	56534.6	-45337.1	0	1.17998e+21	4.47416e+21	0
3	1.989e+30	296112	1.57514e+08	0	-0.150243	0.087782	0	8.07143e+22	-1.27547e+23	0	5.972e+24	5.28194e+10	-8.62201e+10	0	50837.8	1282.91	0	-8.06911e+22	1.31971e+23	0	7.347e+22	3.41957e+08	6.65525e+10	0	-64914.3	-29274	0	-2.31982e+19	-4.42439e+21	0
3	1.989e+30	413555	1.57796e+08	0	0.177802	0.151553	0	3.83562e+22	2.38399e+23	0	5.972e+24	1.25042e+10	8.0382e+10	0	-58793.7	-20607.1	0	-3.7054e+22	-2.37633e+23	0	7.347e+22	9.79386e+10	5.77676e+10	0	-34474.1	23627	0	-1.30227e+21	-7.65966e+20	0
3	1.989e+30	23838	1.5872e+08	0	0.041586	0.00489419	0	7.35813e+22	1.73371e+22	0	5.972e+24	1.41863e+11	3.40634e+10	0	-13801.4	28133.4	0	-7.24879e+22	-1.73228e+22	0	7.347e+22	1.33549e+11	1.92101e+09	0	-3981.18	32146.7	0	-1.0934e+21	-1.43506e+19	0
3	1.989e+30	102533	1.59801e+08	0	-0.0883126	0.0230003	0	7.95339e+22	-4.44368e+22	0	5.972e+24	1.15886e+11	-6.47022e+10	0	29121.5	22178.6	0	-7.84516e+22	4.3913e+22	0	7.347e+22	1.14611e+11	-5.53704e+10	0	23681.9	26010.2	0	-1.08224e+21	5.23779e+20	0
3	1.989e+30	597855	1.60437e+08	0	-0.0578641	0.349821	0	-5.83572e+23	-1.94073e+23	0	5.972e+24	-4.822e+10	-1.57007e+10	0	18639.5	-86341	0	5.84576e+23	1.92172e+23	0	7.347e+22	4.44796e+10	-8.4065e+10	0	51398.8	-762.89	0	-1.00402e+21	1.90143e+21	0
3	1.989e+30	142901	1.60951e+08	0	0.101643	0.0364976	0	7.19731e+22	5.45351e+22	0	5.972e+24	1.04427e+11	7.27265e+10	0	-33936.8	19118	0	-8.05201e+22	-5.59495e+22	0	7.347e+22	-4.68142e+10	-7.59512e+09	0	6835.2	-90614.7	0	8.54696e+21	1.41436e+21	0
3	1.989e+30	14348.7	1.62018e+08	0	-0.0262233	0.00329803	0	7.2886e+22	-9.27714e+21	0	5.972e+24	1.46091e+11	-2.31369e+10	0	9417.97	29020.7	0	-7.15457e+22	1.14118e+22	0	7.347e+22	4.67727e+10	7.46664e+10	0	-55615.5	3239.25	0	-1.34027e+21	-2.13466e+21	0
3	1.989e+30	350686	1.62988e+08	0	-0.165889	0.113987	0	7.00519e+22	-1.76361e+23	0	5.972e+24	3.31915e+10	-8.50316e+10	0	55520.9	-8165.11	0	-6.88475e+22	1.76745e+23	0	7.347e+22	1.18367e+11	3.78693e+10	0	-22024.8	29270.5	0	-1.20435e+21	-3.83617e+20	0
3	1.989e+30	348850	1.6326e+08	0	0.16598	0.11328	0	7.00817e+22	1.75007e+23	0	5.972e+24	3.36303e+10	8.55445e+10	0	-55359.2	-7956.09	0	-6.90095e+22	-1.75177e+23	0	7.347e+22	1.32396e+11	-2.08356e+10	0	6421.06	31423.2	0	-1.07214e+21	1.70077e+20	0
3	1.989e+30	12415	1.64231e+08	0	0.0268249	0.00269157	0	7.25938e+22	1.05868e+22	0	5.972e+24	1.46141e+11	2.35056e+10	0	-9350.41	29018.7	0	-7.1488e+22	-1.14164e+22	0	7.347e+22	9.50217e+10	-7.1125e+10	0	33834.7	19817	0	-1.10574e+21	8.29634e+20	0
3	1.989e+30	141568	1.65301e+08	0	-0.104388	0.0341127	0	8.10361e+22	-5.94882e+22	0	5.972e+24	1.04212e+11	-7.23505e+10	0	34049.5	19095.2	0	-8.0745e+22	5.61895e+22	0	7.347e+22	6.75171e+09	-7.62903e+10	0	58313.7	-24193.8	0	-2.91047e+20	3.29866e+21	0
3	1.989e+30	599914	1.65811e+08	0	0.0609362	0.350949	0	-5.81479e+23	2.0777e+23	0	5.972e+24	-4.80336e+10	1.69355e+10	0	-19590.6	-85991.6	0	5.78262e+23	-2.01994e+23	0	7.347e+22	-2.64333e+10	4.76156e+10	0	-57264.7	-59702	0	3.21664e+21	-5.77602e+21	0
3	1.989e+30	103270	1.66448e+08	0	0.0887174	0.0232649	0	7.96332e+22	4.49026e+22	0	5.972e+24	1.1606e+11	6.50728e+10	0	-29022.6	22189.6	0	-7.8261e+22	-4.37648e+22	0	7.347e+22	8.05229e+10	6.69402e+10	0	-42686.8	17954.8	0	-1.37214e+21	-1.1378e+21	0
3	1.989e+30	24203	1.67529e+08	0	-0.0412529	0.00490966	0	7.37002e+22	-1.71942e+22	0	5.972e+24	1.41788e+11	-3.3706e+10	0	13875.8	28134	0	-7.25701e+22	1.73389e+22	0	7.347e+22	1.29786e+11	1.67773e+10	0	-11083	31682.3	0	-1.13016e+21	-1.44628e+20	0
3	1.989e+30	414140	1.68452e+08	0	-0.177532	0.152397	0	3.70359e+22	-2.40396e+23	0	5.972e+24	1.19828e+10	-7.97667e+10	0	58924.4	-20953.6	0	-3.59649e+22	2.40035e+23	0	7.347e+22	1.24474e+11	-4.18348e+10	0	16523.6	28937.5	0	-1.07097e+21	3.61424e+20	0
3	1.989e+30	292358	1.68736e+08	0	0.15049	0.0858916	0	8.16578e+22	1.2954e+23	0	5.972e+24	5.32407e+10	8.66707e+10	0	-50667.2	1432.17	0	-8.05567e+22	-1.30871e+23	0	7.347e+22	6.77333e+10	-8.17103e+10	0	44384.2	9771.47	0	-1.1011e+21	1.33117e+21	0
3	1.989e+30	9197.94	1.69739e+08	0	0.0131123	0.00422409	0	6.73383e+22	9.39112e+20	0	5.972e+24	1.48781e+11	1.26799e+10	0	-4948.72	29554.6	0	-7.08768e+22	-5.95822e+21	0	7.347e+22	-3.24698e+10	-4.59003e+10	0	47276.6	-65228.3	0	3.53845e+21	5.0191e+21	0
3	1.989e+30	181698	1.70791e+08	0	-0.115098	0.0455893	0	8.36813e+22	-6.86142e+22	0	5.972e+24	9.07038e+10	-7.87009e+10	0	39110.5	15152.2	0	-8.28154e+22	7.20169e+22	0	7.347e+22	1.83752e+10	7.24035e+10	0	-63132.8	-14382.3	0	-8.65878e+20	-3.40269e+21	0
3	1.989e+30	556470	1.71202e+08	0	0.142097	0.288768	0	-2.95025e+23	3.81551e+23	0	5.972e+24	-3.51952e+10	4.54091e+10	0	-46957.3	-66337.7	0	2.96295e+23	-3.80942e+23	0	7.347e+22	1.06123e+11	5.10895e+10	0	-29972.5	26100.4	0	-1.26938e+21	-6.09009e+20	0
3	1.989e+30	71774	1.71953e+08	0	0.0728257	0.0155507	0	7.72241e+22	3.39681e+22	0	5.972e+24	1.25894e+11	5.6422e+10	0	-24249.2	24584.6	0	-7.61384e+22	-3.40169e+22	0	7.347e+22	1.33835e+11	-5.84308e+09	0	-461.705	32119.9	0	-1.08573e+21	4.88375e+19	0
3	1.989e+30	42855.9	1.73039e+08	0	-0.0562562	0.00900415	0	7.50645e+22	-2.45965e+22	0	5.972e+24	1.35829e+11	-4.38692e+10	0	18405.5	26860.6	0	-7.3975e+22	2.3988e+22	0	7.347e+22	1.09158e+11	-6.07778e+10	0	26894.5	24340.1	0	-1.08958e+21	6.08488e+20	0
3	1.989e+30	483364	1.73897e+08	0	-0.179081	0.205675	0	-4.53701e+22	-3.23781e+23	0	5.972e+24	-9.94321e+09	-6.89844e+10	0	58975.6	-38255.3	0	4.6258e+22	3.21516e+23	0	7.347e+22	3.26741e+10	-8.31872e+10	0	54307.3	-7056.46	0	-8.87909e+20	2.26564e+21	0
3	1.989e+30	243158	1.74215e+08	0	0.137554	0.068313	0	7.50921e+22	1.01923e+23	0	5.972e+24	7.10181e+10	8.47823e+10	0	-45565.6	8502.72	0	-8.35428e+22	-9.95225e+22	0	7.347e+22	-4.53302e+10	1.304e+10	0	-20108.6	-89065.3	0	8.45077e+21	-2.40029e+21	0
3	1.989e+30	2756.33	1.75244e+08	0	0.00362	0.000856318	0	7.20335e+22	2.4468e+21	0	5.972e+24	1.49801e+11	1.72118e+09	0	-574.222	29760.6	0	-7.06464e+22	-7.27656e+20	0	7.347e+22	5.90042e+10	7.33094e+10	0	-51326.2	9192.54	0	-1.38713e+21	-1.71915e+21	0
3	1.989e+30	224062	1.76284e+08	0	-0.132257	0.0591694	0	8.50468e+22	-9.27882e+22	0	5.972e+24	7.53067e+10	-8.33956e+10	0	44273.7	10079.2	0	-8.38713e+22	9.30833e+22	0	7.347e+22	1.23043e+11	3.10701e+10	0	-18277.6	30326.5	0	-1.17554e+21	-2.95126e+20	0
3	1.989e+30	496180	1.76621e+08	0	0.173532	0.219815	0	-7.93557e+22	3.41278e+23	0	5.972e+24	-1.54152e+10	6.56077e+10	0	-57916.6	-43430.2	0	8.0425e+22	-3.41509e+23	0	7.347e+22	1.30513e+11	-2.8049e+10	0	9835.73	30790.2	0	-1.0693e+21	2.31282e+20	0
3	1.989e+30	49213.6	1.77461e+08	0	0.0574607	0.0105643	0	7.54175e+22	2.49868e+22	0	5.972e+24	1.3399e+11	4.69894e+10	0	-19598.1	26432.2	0	-7.43057e+22	-2.59584e+22	0	7.347e+22	8.65552e+10	-7.54535e+10	0	37436.3	16923	0	-1.1118e+21	9.71552e+20	0
3	1.989e+30	70131.1	1.78545e+08	0	-0.0713112	0.0163927	0	7.53162e+22	-3.57193e+22	0	5.972e+24	1.28179e+11	-5.34843e+10	0	23034.2	25144.5	0	-7.5745e+22	3.17132e+22	0	7.347e+22	-7.39881e+09	-6.90106e+10	0	58221.9	-36188.6	0	4.28772e+20	4.00618e+21	0
3	1.989e+30	547094	1.79314e+08	0	-0.151062	0.27346	0	-2.31153e+23	-3.78425e+23	0	5.972e+24	-3.06258e+10	-5.08773e+10	0	51098.3	-60410.4	0	2.30163e+23	3.83591e+23	0	7.347e+22	-1.14742e+10	5.99812e+10	0	-63922.9	-41256	0	9.90655e+20	-5.16615e+21	0
3	1.989e+30	190469	1.79702e+08	0	0.122722	0.0479656	0	8.43476e+22	7.77383e+22	0	5.972e+24	8.68977e+10	8.06026e+10	0	-40403.1	13921.3	0	-8.30079e+22	-7.68183e+22	0	7.347e+22	9.03029e+10	6.22049e+10	0	-38212.5	21333.4	0	-1.33975e+21	-9.1996e+20	0
3	1.989e+30	1847.6	1.80756e+08	0	-0.0111319	0.000359465	0	7.19103e+22	-4.40345e+21	0	5.972e+24	1.49208e+11	-9.25727e+09	0	3799.59	29644.7	0	-7.07951e+22	4.47955e+21	0	7.347e+22	1.31797e+11	9.17018e+09	0	-7484	32067	0	-1.11512e+21	-7.61015e+19	0
3	1.989e+30	276182	1.81771e+08	0	-0.149156	0.0791073	0	8.32084e+22	-1.22451e+23	0	5.972e+24	5.79815e+10	-8.59505e+10	0	49434.2	3470.35	0	-8.21311e+22	1.22018e+23	0	7.347e+22	1.20318e+11	-4.80759e+10	0	19746.3	27764.8	0	-1.07734e+21	4.32129e+20	0
3	1.989e+30	433166	1.82062e+08	0	0.176292	0.16497	0	2.25348e+22	2.57013e+23	0	5.972e+24	6.4597e+09	7.80877e+10	0	-59297.9	-24856.4	0	-2.14562e+22	-2.58555e+23	0	7.347e+22	5.83289e+10	-8.32435e+10	0	47407.3	5802.71	0	-1.07867e+21	1.54292e+21	0
3	1.989e+30	34649.2	1.82966e+08	0	0.0438362	0.00988114	0	6.72077e+22	1.44877e+22	0	5.972e+24	1.404e+11	3.6943e+10	0	-15040.3	27822.1	0	-7.28218e+22	-1.90649e+22	0	7.347e+22	-4.02168e+10	-3.26163e+10	0	35805.6	-77556	0	5.61412e+21	4.57717e+21	0
3	1.989e+30	97034.3	1.84043e+08	0	-0.0812055	0.0220618	0	7.89622e+22	-3.81239e+22	0	5.972e+24	1.18773e+11	-6.23927e+10	0	27794.8	22899.1	0	-7.78354e+22	4.10109e+22	0	7.347e+22	2.88369e+10	7.40903e+10	0	-60883.2	-7150.34	0	-1.12671e+21	-2.88709e+21	0
3	1.989e+30	588304	1.84711e+08	0	-0.0831032	0.336769	0	-5.17588e+23	-2.75554e+23	0	5.972e+24	-4.585e+10	-2.42229e+10	0	28014.5	-82339.6	0	5.18839e+23	2.76083e+23	0	7.347e+22	1.10378e+11	4.68694e+10	0	-27363.2	27324.6	0	-1.25085e+21	-5.29012e+20	0
3	1.989e+30	146735	1.85199e+08	0	0.105942	0.0349083	0	8.22031e+22	5.97476e+22	0	5.972e+24	1.00931e+11	7.46347e+10	0	-35303.7	18138.7	0	-8.11199e+22	-5.98328e+22	0	7.347e+22	1.33576e+11	-1.03135e+10	0	1571.64	32019	0	-1.08321e+21	8.51701e+19	0
3	1.989e+30	9498.08	1.86268e+08	0	-0.0257148	0.00201802	0	7.24271e+22	-1.05453e+22	0	5.972e+24	1.46982e+11	-2.01755e+10	0	8211.29	29200.2	0	-7.13311e+22	9.88314e+21	0	7.347e+22	1.05643e+11	-6.36383e+10	0	28704.7	23299.1	0	-1.09597e+21	6.62196e+20	0
3	1.989e+30	337451	1.87248e+08	0	-0.165144	0.106859	0	7.426e+22	-1.65372e+23	0	5.972e+24	3.87237e+10	-8.56835e+10	0	54319.2	-5302.99	0	-7.3454e+22	1.62909e+23	0	7.347e+22	2.69944e+10	-8.22577e+10	0	55488.6	-10392.1	0	-8.06054e+20	2.46336e+21	0
3	1.989e+30	372229	1.87515e+08	0	0.170717	0.126817	0	5.5493e+22	1.94045e+23	0	5.972e+24	2.79985e+10	8.46143e+10	0	-56475.3	-11034.8	0	-6.30892e+22	-1.90206e+23	0	7.347e+22	-4.27304e+10	2.17718e+10	0	-31107.6	-84800.7	0	7.5962e+21	-3.8388e+21	0
3	1.989e+30	16575.8	1.8847e+08	0	0.0335284	0.00362214	0	7.3115e+22	1.45467e+22	0	5.972e+24	1.4514e+11	2.64408e+10	0	-10557.4	28813.1	0	-7.17209e+22	-1.29711e+22	0	7.347e+22	6.38023e+10	7.23042e+10	0	-49529.3	11333.5	0	-1.39411e+21	-1.57562e+21	0
3	1.989e+30	127129	1.89545e+08	0	-0.0975414	0.0293363	0	8.1288e+22	-5.22854e+22	0	5.972e+24	1.07571e+11	-7.03581e+10	0	32693.8	20011	0	-8.01216e+22	5.25486e+22	0	7.347e+22	1.2459e+11	2.83114e+10	0	-16841.2	30671.7	0	-1.16638e+21	-2.63245e+20	0
3	1.989e+30	598553	1.90094e+08	0	0.0279137	0.355335	0	-6.21619e+23	1.00146e+23	0	5.972e+24	-4.94998e+10	8.16238e+09	0	-9433.02	-88562.3	0	6.22689e+23	-1.004e+23	0	7.347e+22	1.29583e+11	-3.0634e+10	0	11075	30510.3	0	-1.06963e+21	2.54462e+20	0
3	1.989e+30	112118	1.907e+08	0	0.0896837	0.0256316	0	7.99843e+22	4.57738e+22	0	5.972e+24	1.13076e+11	6.72906e+10	0	-30345	21427.4	0	-7.88709e+22	-4.67995e+22	0	7.347e+22	8.34927e+10	-7.67185e+10	0	38651.5	15837.7	0	-1.11339e+21	1.02568e+21	0
3	1.989e+30	25426.3	1.91777e+08	0	-0.0401344	0.00673919	0	7.15029e+22	-1.99065e+22	0	5.972e+24	1.43121e+11	-3.08414e+10	0	12657.8	28411.4	0	-7.22529e+22	1.56683e+22	0	7.347e+22	-1.17247e+10	-6.61035e+10	0	57640.7	-40397.7	0	7.49968e+20	4.23822e+21	0
3	1.989e+30	401339	1.92707e+08	0	-0.172396	0.143193	0	4.76287e+22	-2.15879e+23	0	5.972e+24	1.78631e+10	-8.16488e+10	0	58212.9	-17083.5	0	-4.8173e+22	2.20782e+23	0	7.347e+22	-6.94464e+09	6.26897e+10	0	-64671.5	-36453.4	0	5.44276e+20	-4.90267e+21	0
3	1.989e+30	306892	1.92984e+08	0	0.157511	0.0922951	0	7.99243e+22	1.42268e+23	0	5.972e+24	4.80927e+10	8.6726e+10	0	-52004.1	-852.542	0	-7.8593e+22	-1.41398e+23	0	7.347e+22	9.27252e+10	6.07643e+10	0	-37036.9	22126.7	0	-1.33132e+21	-8.69577e+20	0
3	1.989e+30	4774.03	1.93982e+08	0	0.0186724	0.000965928	0	7.21124e+22	7.46611e+21	0	5.972e+24	1.48226e+11	1.56606e+10	0	-6139.1	29442.3	0	-7.10043e+22	-7.40755e+21	0	7.347e+22	1.32388e+11	7.20191e+09	0	-6489.07	32104	0	-1.10814e+21	-5.8555e+19	0
3	1.989e+30	166431	1.95045e+08	0	-0.114043	0.040544	0	8.33868e+22	-6.77469e+22	0	5.972e+24	9.45523e+10	-7.71002e+10	0	37725.6	16319.7	0	-8.23084e+22	6.72903e+22	0	7.347e+22	1.1885e+11	-5.01287e+10	0	20883.1	27300.3	0	-1.07837e+21	4.56596e+20	0
3	1.989e+30	571690	1.95481e+08	0	0.122309	0.308383	0	-3.74492e+23	3.61298e+23	0	5.972e+24	-3.96241e+10	3.84785e+10	0	-41335	-72597	0	3.75554e+23	-3.62944e+23	0	7.347e+22	5.40857e+10	-8.36457e+10	0	48725.5	3885.48	0	-1.06223e+21	1.64679e+21	0
3	1.989e+30	85793.8	1.962e+08	0	0.0756453	0.0215904	0	6.98784e+22	3.26133e+22	0	5.972e+24	1.23406e+11	5.88758e+10	0	-25528.7	23994.5	0	-7.66878e+22	-3.64629e+22	0	7.347e+22	-4.34686e+10	-2.43882e+10	0	27207.6	-83426.9	0	6.80934e+21	3.84959e+21	0
3	1.989e+30	40234.7	1.97279e+08	0	-0.0493766	0.00885802	0	7.47854e+22	-1.95213e+22	0	5.972e+24	1.37607e+11	-4.11415e+10	0	17171.1	27246	0	-7.35567e+22	2.2099e+22	0	7.347e+22	3.55573e+10	7.48045e+10	0	-59015.1	-3025.82	0	-1.22872e+21	-2.57772e+21	0
3	1.989e+30	462604	1.98157e+08	0	-0.177687	0.188815	0	-1.53233e+22	-2.98049e+23	0	5.972e+24	-4.02562e+09	-7.25176e+10	0	59490.7	-33072.7	0	1.65534e+22	2.98519e+23	0	7.347e+22	1.13673e+11	4.36692e+10	0	-25295.7	28113.6	0	-1.23013e+21	-4.70391e+20	0
3	1.989e+30	250415	1.98467e+08	0	0.140865	0.0690245	0	8.42979e+22	1.06868e+23	0	5.972e+24	6.64026e+10	8.55702e+10	0	-46958.9	6778.51	0	-8.32206e+22	-1.06986e+23	0	7.347e+22	1.33363e+11	-1.43996e+10	0	3509	31824	0	-1.07734e+21	1.17956e+20	0
3	1.989e+30	1533.86	1.99494e+08	0	0.00412679	0.000456663	0	7.17709e+22	1.40209e+21	0	5.972e+24	1.49686e+11	4.71195e+09	0	-1753.92	29736.7	0	-7.06702e+22	-2.12904e+21	0	7.347e+22	1.01476e+11	-6.68134e+10	0	30845.9	21958.5	0	-1.10071e+21	7.26943e+20	0
3	1.989e+30	214892	2.00538e+08	0	-0.130839	0.0563738	0	8.43975e+22	-8.95533e+22	0	5.972e+24	7.96492e+10	-8.22916e+10	0	42874.8	11578.8	0	-8.37601e+22	8.67558e+22	0	7.347e+22	1.83246e+10	-8.01939e+10	0	57049.4	-15885.4	0	-6.37435e+20	2.7975e+21	0
3	1.989e+30	519444	2.00886e+08	0	0.170445	0.241339	0	-1.31109e+23	3.66721e+23	0	5.972e+24	-2.11046e+10	6.10169e+10	0	-56212.9	-49296.8	0	1.25393e+23	-3.61456e+23	0	7.347e+22	-3.68521e+10	3.41368e+10	0	-45078.7	-75060.5	0	5.71614e+21	-5.26547e+21	0
3	1.989e+30	55823.4	2.01701e+08	0	0.0642956	0.012009	0	7.61561e+22	2.93691e+22	0	5.972e+24	1.31979e+11	4.96222e+10	0	-20839.8	25982.7	0	-7.47645e+22	-2.79942e+22	0	7.347e+22	7.10312e+10	7.03859e+10	0	-46665.7	14356.7	0	-1.39155e+21	-1.37486e+21	0
3	1.989e+30	58481.8	2.02787e+08	0	-0.0648519	0.0123764	0	7.63852e+22	-2.92901e+22	0	5.972e+24	1.30407e+11	-5.09354e+10	0	21777.8	25653.6	0	-7.52333e+22	2.95042e+22	0	7.347e+22	1.26856e+11	2.37848e+10	0	-14515	31158.8	0	-1.15192e+21	-2.14117e+20	0
3	1.989e+30	526202	2.03588e+08	0	-0.163794	0.251866	0	-1.66568e+23	-3.7493e+23	0	5.972e+24	-2.53808e+10	-5.65357e+10	0	54390.2	-54095.1	0	1.67638e+23	3.74635e+23	0	7.347e+22	1.27782e+11	-3.49565e+10	0	13183.3	29984.5	0	-1.07079e+21	2.94664e+20	0
3	1.989e+30	203162	2.03957e+08	0	0.12395	0.0522085	0	8.44557e+22	8.11156e+22	0	5.972e+24	8.28237e+10	8.19433e+10	0	-41784	12601.2	0	-8.33419e+22	-8.22456e+22	0	7.347e+22	7.78339e+10	-7.87666e+10	0	40810.4	13775.1	0	-1.11374e+21	1.13009e+21	0
3	1.989e+30	6487.01	2.05003e+08	0	-0.00993456	0.00315744	0	6.92048e+22	-7.71503e+21	0	5.972e+24	1.49526e+11	-6.29271e+09	0	2625.29	29707.4	0	-7.0718e+22	3.0745e+21	0	7.347e+22	-1.95934e+10	-5.99021e+10	0	55554.6	-48779.3	0	1.51325e+21	4.64053e+21	0
3	1.989e+30	266038	2.06019e+08	0	-0.141903	0.0753007	0	8.31582e+22	-1.08924e+23	0	5.972e+24	6.28182e+10	-8.5484e+10	0	48061.2	5423.76	0	-8.30414e+22	1.13286e+23	0	7.347e+22	1.7831e+09	6.70355e+10	0	-65013.5	-27966.3	0	-1.168e+20	-4.36256e+21	0
3	1.989e+30	449446	2.06318e+08	0	0.179933	0.177762	0	3.40759e+21	2.80998e+23	0	5.972e+24	5.57091e+08	7.54221e+10	0	-59500.8	-29335.6	0	-2.09589e+21	-2.80222e+23	0	7.347e+22	9.73855e+10	5.77962e+10	0	-34683	23593	0	-1.31169e+21	-7.75622e+20	0
3	1.989e+30	32922.8	2.0721e+08	0	0.0489766	0.0068234	0	7.42858e+22	2.08472e+22	0	5.972e+24	1.38844e+11	3.9715e+10	0	-16255.5	27490.4	0	-7.31843e+22	-2.08228e+22	0	7.347e+22	1.33027e+11	3.15446e+09	0	-4584.32	32185.9	0	-1.10148e+21	-2.43347e+19	0
3	1.989e+30	85697.4	2.08294e+08	0	-0.0804175	0.0188364	0	7.83227e+22	-3.88272e+22	0	5.972e+24	1.21464e+11	-6.00216e+10	0	26491.2	23574.8	0	-7.7284e+22	3.83253e+22	0	7.347e+22	1.16981e+11	-5.63639e+10	0	23750.9	25244.2	0	-1.03867e+21	5.01884e+20	0
3	1.989e+30	581062	2.08995e+08	0	-0.11112	0.321903	0	-4.36276e+23	-3.38446e+23	0	5.972e+24	-4.24975e+10	-3.24874e+10	0	36342.5	-76963.2	0	4.37171e+23	3.36235e+23	0	7.347e+22	3.39299e+10	-8.36256e+10	0	54163	-7227.53	0	-8.94628e+20	2.21082e+21	0
3	1.989e+30	164750	2.09445e+08	0	0.112075	0.0422258	0	7.59721e+22	6.96554e+22	0	5.972e+24	9.70253e+10	7.65339e+10	0	-36774.1	17029.8	0	-8.17757e+22	-6.43246e+22	0	7.347e+22	-3.66456e+10	3.38585e+10	0	-44943.4	-75944	0	5.80358e+21	-5.33084e+21	0
3	1.989e+30	7996.31	2.10507e+08	0	-0.0191658	0.00170123	0	7.25043e+22	-7.18226e+21	0	5.972e+24	1.47762e+11	-1.69336e+10	0	6901.66	29376.7	0	-7.11794e+22	8.26006e+21	0	7.347e+22	8.28993e+10	6.76527e+10	0	-42140.1	17531.3	0	-1.3249e+21	-1.07779e+21	0
3	1.989e+30	315406	2.11499e+08	0	-0.158532	0.0964998	0	7.83035e+22	-1.48916e+23	0	5.972e+24	4.47389e+10	-8.60811e+10	0	52899.7	-2364.45	0	-7.72414e+22	1.49002e+23	0	7.347e+22	1.34855e+11	1.11627e+10	0	-8135.16	31191.2	0	-1.0621e+21	-8.62275e+19	0
3	1.989e+30	386163	2.11776e+08	0	0.172212	0.134379	0	5.49835e+22	2.09003e+23	0	5.972e+24	2.13505e+10	8.31243e+10	0	-57622.1	-14919.2	0	-5.39486e+22	-2.09455e+23	0	7.347e+22	1.20413e+11	-5.24249e+10	0	21626	26218.8	0	-1.03496e+21	4.52452e+20	0
3	1.989e+30	21542.3	2.12719e+08	0	0.034069	0.00495035	0	7.3052e+22	1.29088e+22	0	5.972e+24	1.43753e+11	2.98646e+10	0	-11989.2	28546	0	-7.20793e+22	-1.48662e+22	0	7.347e+22	4.20458e+10	-8.4385e+10	0	52219.7	-2908.64	0	-9.72745e+20	1.95744e+21	0
3	1.989e+30	121816	2.13791e+08	0	-0.0921796	0.0305392	0	7.16805e+22	-4.46377e+22	0	5.972e+24	1.11396e+11	-6.78393e+10	0	31080.2	21041.7	0	-7.94047e+22	4.85119e+22	0	7.347e+22	-4.24718e+10	2.15065e+10	0	-30840.7	-85672.2	0	7.72421e+21	-3.87425e+21	0
3	1.989e+30	601606	2.14377e+08	0	-0.00958523	0.357804	0	-6.32726e+23	-3.8256e+22	0	5.972e+24	-4.98606e+10	-2.89972e+09	0	3744.88	-89195.6	0	6.34069e+23	3.94872e+22	0	7.347e+22	7.62658e+10	7.01494e+10	0	-44908.3	15140.5	0	-1.34272e+21	-1.23117e+21	0
3	1.989e+30	122329	2.14942e+08	0	0.096591	0.0281825	0	8.077e+22	5.1097e+22	0	5.972e+24	1.09061e+11	6.997e+10	0	-32042.7	20391.6	0	-7.96969e+22	-5.09708e+22	0	7.347e+22	1.33443e+11	1.59107e+10	0	-10352.1	30971.6	0	-1.0731e+21	-1.26179e+20	0
3	1.989e+30	15942.3	2.16019e+08	0	-0.0340245	0.0032636	0	7.29614e+22	-1.39955e+22	0	5.972e+24	1.44616e+11	-2.71043e+10	0	11092.3	28738.5	0	-7.19313e+22	1.35905e+22	0	7.347e+22	1.23548e+11	-4.83507e+10	0	19483.5	27109.7	0	-1.03011e+21	4.05028e+20	0
3	1.989e+30	376361	2.16972e+08	0	-0.173011	0.127883	0	6.11759e+22	-1.99552e+23	0	5.972e+24	2.5485e+10	-8.35688e+10	0	57004.7	-12443.9	0	-6.01535e+22	1.97808e+23	0	7.347e+22	4.97022e+10	-8.45308e+10	0	50182.2	874.329	0	-1.02241e+21	1.74336e+21	0
3	1.989e+30	333688	2.1724e+08	0	0.161898	0.106696	0	6.57969e+22	1.58929e+23	0	5.972e+24	4.08735e+10	8.63962e+10	0	-53758.7	-4252.05	0	-7.46915e+22	-1.57463e+23	0	7.347e+22	-4.58994e+10	7.77238e+09	0	-13178.7	-91405.2	0	8.89462e+21	-1.46587e+21	0
3	1.989e+30	10160.1	2.18221e+08	0	0.0251577	0.00225612	0	7.26286e+22	1.08718e+22	0	5.972e+24	1.47214e+11	1.97464e+10	0	-7790.42	29256.4	0	-7.12734e+22	-9.45307e+21	0	7.347e+22	6.88681e+10	7.23202e+10	0	-47833.7	12285.7	0	-1.35524e+21	-1.41877e+21	0
3	1.989e+30	150519	2.19288e+08	0	-0.107012	0.0358565	0	8.26383e+22	-6.1084e+22	0	5.972e+24	9.96963e+10	-7.46606e+10	0	35797.7	17839.7	0	-8.15511e+22	6.12552e+22	0	7.347e+22	1.3151e+11	2.09279e+10	0	-12747.3	30652.1	0	-1.08719e+21	-1.71176e+20	0
3	1.989e+30	584756	2.19767e+08	0	0.0919702	0.331753	0	-4.91247e+23	2.9831e+23	0	5.972e+24	-4.48672e+10	2.74315e+10	0	-30842.1	-80677.1	0	4.92274e+23	-2.98667e+23	0	7.347e+22	1.26552e+11	-4.3736e+10	0	17150.9	27982.1	0	-1.02672e+21	3.56644e+20	0
3	1.989e+30	93852.9	2.20446e+08	0	0.0806035	0.0211482	0	7.86335e+22	3.88093e+22	0	5.972e+24	1.19471e+11	6.23511e+10	0	-27432.5	23057.3	0	-7.75757e+22	-4.03406e+22	0	7.347e+22	5.81931e+10	-8.40107e+10	0	47727.4	4724.07	0	-1.05784e+21	1.53131e+21	0
3	1.989e+30	36106.2	2.21523e+08	0	-0.0463521	0.0105325	0	6.43764e+22	-2.09865e+22	0	5.972e+24	1.3999e+11	-3.7004e+10	0	15340.8	27773.5	0	-7.30281e+22	1.9421e+22	0	7.347e+22	-4.63488e+10	-8.17467e+09	0	7880.16	-91239.8	0	8.65165e+21	1.56553e+21	0
3	1.989e+30	437432	2.22423e+08	0	-0.176632	0.168031	0	1.85193e+22	-2.62845e+23	0	5.972e+24	5.01487e+09	-7.69609e+10	0	59455.9	-25910.9	0	-1.71646e+22	2.64506e+23	0	7.347e+22	6.02921e+10	7.4149e+10	0	-51037.1	8658.24	0	-1.35476e+21	-1.66098e+21	0
3	1.989e+30	273086	2.22716e+08	0	0.148047	0.0779424	0	8.31949e+22	1.20329e+23	0	5.972e+24	5.89048e+10	8.64125e+10	0	-49119.1	3828.5	0	-8.20917e+22	-1.20107e+23	0	7.347e+22	1.29073e+11	2.62108e+10	0	-15333.4	30188.8	0	-1.10311e+21	-2.22071e+20	0
3	1.989e+30	1925.74	2.23732e+08	0	0.0103401	0.000433832	0	7.18352e+22	4.0559e+21	0	5.972e+24	1.49213e+11	9.42411e+09	0	-3625.02	29660.5	0	-7.08117e+22	-4.36481e+21	0	7.347e+22	1.29317e+11	-3.87997e+10	0	14727.9	28769	0	-1.02351e+21	3.08908e+20	0
3	1.989e+30	193114	2.24785e+08	0	-0.123681	0.0488569	0	8.43928e+22	-7.90103e+22	0	5.972e+24	8.63127e+10	-8.02224e+10	0	40636.2	13787.1	0	-8.33169e+22	7.766e+22	0	7.347e+22	6.62444e+10	-8.28996e+10	0	45209.6	8113.56	0	-1.07589e+21	1.35035e+21	0
3	1.989e+30	546319	2.25168e+08	0	0.153748	0.272469	0	-2.27754e+23	3.78444e+23	0	5.972e+24	-2.99734e+10	5.21281e+10	0	-51525.3	-59542.9	0	2.20666e+23	-3.82215e+23	0	7.347e+22	-4.35109e+10	-2.29349e+10	0	25926.9	-84941.4	0	7.08834e+21	3.77135e+21	0
3	1.989e+30	67622.8	2.25942e+08	0	0.0708789	0.0148387	0	7.69683e+22	3.35781e+22	0	5.972e+24	1.28288e+11	5.38987e+10	0	-22941.8	25160	0	-7.56376e+22	-3.1643e+22	0	7.347e+22	5.16339e+10	7.53218e+10	0	-54030.2	4621.09	0	-1.33069e+21	-1.93514e+21	0
3	1.989e+30	48117	2.27027e+08	0	-0.0583813	0.0100522	0	7.55847e+22	-2.57228e+22	0	5.972e+24	1.33864e+11	-4.65024e+10	0	19662.9	26446.4	0	-7.44657e+22	2.59964e+22	0	7.347e+22	1.26407e+11	3.1134e+10	0	-17782.8	29638	0	-1.11895e+21	-2.73566e+20	0
3	1.989e+30	497000	2.27867e+08	0	-0.174374	0.220755	0	-8.18059e+22	-3.43702e+23	0	5.972e+24	-1.57005e+10	-6.4903e+10	0	57922	-43726	0	8.28276e+22	3.43435e+23	0	7.347e+22	1.31501e+11	-3.41304e+10	0	12518.8	29398.7	0	-1.02166e+21	2.66963e+20	0
3	1.989e+30	226080	2.28204e+08	0	0.131256	0.0600211	0	8.47373e+22	9.18502e+22	0	5.972e+24	7.52487e+10	8.39447e+10	0	-44243.6	10035.3	0	-8.36532e+22	-9.30605e+22	0	7.347e+22	7.31104e+10	-8.13856e+10	0	42928.5	10840	0	-1.08409e+21	1.21027e+21	0
3	1.989e+30	6486.07	2.2924e+08	0	-0.00300838	0.00395165	0	6.55278e+22	-5.41561e+21	0	5.972e+24	1.49756e+11	-9.80544e+08	0	520.09	29771.4	0	-7.06935e+22	5.72494e+20	0	7.347e+22	-3.82856e+10	-3.56767e+10	0	39168.1	-75477.5	0	5.16571e+21	4.84311e+21	0
3	1.989e+30	239254	2.30268e+08	0	-0.134644	0.0646317	0	8.51072e+22	-9.70879e+22	0	5.972e+24	7.12336e+10	-8.41775e+10	0	45543.1	8631.78	0	-8.38289e+22	9.93402e+22	0	7.347e+22	4.28313e+10	7.57109e+10	0	-56855.6	106.561	0	-1.27822e+21	-2.25229e+21	0
3	1.989e+30	481281	2.30591e+08	0	0.177424	0.205424	0	-4.7264e+22	3.22591e+23	0	5.972e+24	-1.03655e+10	6.92068e+10	0	-58843.1	-38615.2	0	4.84007e+22	-3.22264e+23	0	7.347e+22	1.23393e+11	3.57904e+10	0	-20218.6	28989.7	0	-1.13666e+21	-3.27535e+20	0
3	1.989e+30	42806.7	2.3145e+08	0	0.055342	0.00899611	0	7.50032e+22	2.40963e+22	0	5.972e+24	1.35548e+11	4.47993e+10	0	-18558.8	26794.5	0	-7.39823e+22	-2.43234e+22	0	7.347e+22	1.33312e+11	-2.94153e+10	0	10312	29932.5	0	-1.02094e+21	2.27079e+20	0
3	1.989e+30	72814.7	2.32535e+08	0	-0.0737914	0.0158833	0	7.73086e+22	-3.47223e+22	0	5.972e+24	1.26213e+11	-5.54619e+10	0	24077.3	24705.1	0	-7.6223e+22	3.36373e+22	0	7.347e+22	7.97434e+10	-7.94566e+10	0	40581.8	13319.7	0	-1.08563e+21	1.085e+21	0
3	1.989e+30	559555	2.33287e+08	0	-0.144971	0.289524	0	-2.90073e+23	-3.87639e+23	0	5.972e+24	-3.45305e+10	-4.58602e+10	0	47690.6	-65472.3	0	2.86684e+23	3.82562e+23	0	7.347e+22	-3.14131e+10	-4.67589e+10	0	48169.3	-64704.3	0	3.3886e+21	5.07711e+21	0
3	1.989e+30	183657	2.33688e+08	0	0.1204	0.0461642	0	8.3842e+22	7.58897e+22	0	5.972e+24	8.99247e+10	7.95667e+10	0	-39342.1	14882.3	0	-8.26839e+22	-7.29407e+22	0	7.347e+22	2.8676e+10	7.32699e+10	0	-61584.3	-8009.45	0	-1.15804e+21	-2.94892e+21	0
3	1.989e+30	3547.24	2.34745e+08	0	-0.0131515	0.000692902	0	7.21184e+22	-5.09878e+21	0	5.972e+24	1.48851e+11	-1.14284e+10	0	4696.76	29590.8	0	-7.09085e+22	5.55743e+21	0	7.347e+22	1.1481e+11	4.37615e+10	0	-25734.4	27419.2	0	-1.20984e+21	-4.58652e+20	0
3	1.989e+30	286872	2.35754e+08	0	-0.151657	0.0836846	0	8.2192e+22	-1.2932e+23	0	5.972e+24	5.42334e+10	-8.60897e+10	0	50460.4	1906.31	0	-8.1155e+22	1.29191e+23	0	7.347e+22	1.35574e+11	-1.66963e+10	0	4027.18	30979.1	0	-1.03692e+21	1.29523e+20	0
3	1.989e+30	418835	2.3604e+08	0	0.17584	0.155312	0	3.38892e+22	2.428e+23	0	5.972e+24	1.07216e+10	7.98382e+10	0	-58959.4	-21815.8	0	-3.282e+22	-2.43553e+23	0	7.347e+22	9.98782e+10	-7.00731e+10	0	32125.8	20118.6	0	-1.06916e+21	7.52686e+20	0
3	1.989e+30	29861.4	2.36957e+08	0	0.0404241	0.00723221	0	7.29517e+22	1.46034e+22	0	5.972e+24	1.41401e+11	3.50291e+10	0	-14179.2	28048.6	0	-7.26096e+22	-1.78642e+22	0	7.347e+22	8.05459e+09	-7.64775e+10	0	58183.3	-24254	0	-3.42125e+20	3.26078e+21	0
3	1.989e+30	104749	2.38032e+08	0	-0.0838826	0.0250634	0	7.65217e+22	-3.72906e+22	0	5.972e+24	1.16766e+11	-6.39114e+10	0	28713.8	22416.2	0	-7.8295e+22	4.30167e+22	0	7.347e+22	-1.68818e+10	5.47249e+10	0	-63103.7	-49153.8	0	1.77331e+21	-5.72608e+21	0
3	1.989e+30	594137	2.38677e+08	0	-0.0640169	0.345556	0	-5.6393e+23	-2.20805e+23	0	5.972e+24	-4.75715e+10	-1.84274e+10	0	21787.5	-85190.8	0	5.6526e+23	2.21682e+23	0	7.347e+22	9.24194e+10	6.11516e+10	0	-37915.4	21192.6	0	-1.32937e+21	-8.76115e+20	0
3	1.989e+30	139837	2.39186e+08	0	0.103534	0.0329704	0	8.18072e+22	5.73261e+22	0	5.972e+24	1.03213e+11	7.34753e+10	0	-34407.7	18791.5	0	-8.07372e+22	-5.7285e+22	0	7.347e+22	1.3487e+11	5.41945e+09	0	-6069.39	31413.2	0	-1.07001e+21	-4.10634e+19	0
3	1.989e+30	10797.7	2.40257e+08	0	-0.0278128	0.00223225	0	7.25435e+22	-1.13414e+22	0	5.972e+24	1.46385e+11	-2.20095e+10	0	8992.6	29096.7	0	-7.15019e+22	1.08693e+22	0	7.347e+22	1.1896e+11	-5.36635e+10	0	21993.6	25913.6	0	-1.04164e+21	4.7206e+20	0
3	1.989e+30	347325	2.4123e+08	0	-0.167312	0.111889	0	7.16685e+22	-1.7346e+23	0	5.972e+24	3.51921e+10	-8.52256e+10	0	55099.6	-7098.02	0	-7.06612e+22	1.71635e+23	0	7.347e+22	4.67323e+10	-8.44643e+10	0	50761.5	-668.737	0	-1.00724e+21	1.82508e+21	0
3	1.989e+30	361910	2.41498e+08	0	0.167656	0.121324	0	5.76027e+22	1.80759e+23	0	5.972e+24	3.14734e+10	8.53077e+10	0	-55791.5	-9103.98	0	-6.68835e+22	-1.80744e+23	0	7.347e+22	-4.58455e+10	3.05309e+08	0	-3823.04	-93026.9	0	9.28081e+21	-1.47976e+19	0
3	1.989e+30	14953	2.42459e+08	0	0.0314099	0.0033065	0	7.30173e+22	1.37506e+22	0	5.972e+24	1.45731e+11	2.47441e+10	0	-9824.81	28948.7	0	-7.1602e+22	-1.20369e+22	0	7.347e+22	5.96506e+10	7.24771e+10	0	-51728.6	8859.68	0	-1.4153e+21	-1.71371e+21	0
3	1.989e+30	133173	2.43532e+08	0	-0.0999887	0.0309694	0	8.16722e+22	-5.44838e+22	0	5.972e+24	1.0554e+11	-7.14882e+10	0	33513.8	19475.5	0	-8.05313e+22	5.47376e+22	0	7.347e+22	1.26103e+11	2.82946e+10	0	-17245.8	29986.2	0	-1.14094e+21	-2.53771e+20	0
3	1.989e+30	596306	2.44062e+08	0	0.0461304	0.351384	0	-5.98443e+23	1.61991e+23	0	5.972e+24	-4.87744e+10	1.34358e+10	0	-15503.1	-87235.6	0	5.99475e+23	-1.62247e+23	0	7.347e+22	1.31465e+11	-3.24892e+10	0	11311.5	29626.8	0	-1.0313e+21	2.56808e+20	0
3	1.989e+30	107087	2.44688e+08	0	0.0873803	0.0243603	0	7.96161e+22	4.40178e+22	0	5.972e+24	1.14773e+11	6.61138e+10	0	-29588.5	21873.4	0	-7.85303e+22	-4.50663e+22	0	7.347e+22	8.17775e+10	-7.87231e+10	0	39512.4	14000.4	0	-1.08579e+21	1.04856e+21	0
3	1.989e+30	28048.4	2.45765e+08	0	-0.0421175	0.00755961	0	7.0827e+22	-2.1397e+22	0	5.972e+24	1.42351e+11	-3.23835e+10	0	13348.6	28267.5	0	-7.24628e+22	1.66114e+22	0	7.347e+22	-2.00822e+10	-5.85254e+10	0	55174.9	-50910.7	0	1.63585e+21	4.78561e+21	0
3	1.989e+30	410465	2.46687e+08	0	-0.173675	0.148906	0	4.24449e+22	-2.27647e+23	0	5.972e+24	1.45649e+10	-8.05719e+10	0	58639.8	-19207.3	0	-4.16873e+22	2.31411e+23	0	7.347e+22	1.40615e+10	7.0126e+10	0	-64756.9	-18496.7	0	-7.57601e+20	-3.76341e+21	0
3	1.989e+30	298002	2.46968e+08	0	0.155083	0.088399	0	8.09517e+22	1.36188e+23	0	5.972e+24	5.08667e+10	8.68058e+10	0	-51283.7	400.789	0	-7.96989e+22	-1.35609e+23	0	7.347e+22	1.07907e+11	5.01321e+10	0	-29850.3	25726.6	0	-1.25286e+21	-5.79135e+20	0
3	1.989e+30	3807.31	2.47971e+08	0	0.0165252	0.000781904	0	7.20085e+22	6.57921e+21	0	5.972e+24	1.48504e+11	1.41641e+10	0	-5508.25	29513	0	-7.09608e+22	-6.64827e+21	0	7.347e+22	1.36005e+11	-8.70389e+09	0	363.249	31338.5	0	-1.04769e+21	6.90616e+19	0
3	1.989e+30	172920	2.49031e+08	0	-0.11651	0.0425026	0	8.36713e+22	-7.03931e+22	0	5.972e+24	9.25256e+10	-7.78775e+10	0	38457.3	15724.3	0	-8.2612e+22	6.97604e+22	0	7.347e+22	1.07942e+11	-6.42355e+10	0	28194.6	22674.5	0	-1.05932e+21	6.32724e+20	0
3	1.989e+30	566245	2.49454e+08	0	0.131121	0.299478	0	-3.33451e+23	3.71695e+23	0	5.972e+24	-3.74479e+10	4.21712e+10	0	-44358.2	-69425.2	0	3.34217e+23	-3.74246e+23	0	7.347e+22	2.46157e+10	-8.17226e+10	0	55894.6	-12870.8	0	-7.65751e+20	2.5506e+21	0
3	1.989e+30	81789	2.50185e+08	0	0.0765355	0.0203389	0	7.08608e+22	4.09988e+22	0	5.972e+24	1.24628e+11	5.77481e+10	0	-24894.8	24296.7	0	-7.64268e+22	-3.52578e+22	0	7.347e+22	-3.43847e+10	3.57038e+10	0	-48419.4	-74110.6	0	5.566e+21	-5.74102e+21	0
3	1.989e+30	41286.5	2.51267e+08	0	-0.0517563	0.00865386	0	7.518e+22	-2.18498e+22	0	5.972e+24	1.36721e+11	-4.2403e+10	0	17778.2	27070.6	0	-7.37926e+22	2.30235e+22	0	7.347e+22	7.90925e+10	6.71672e+10	0	-43935.4	16752.3	0	-1.38742e+21	-1.17373e+21	0
3	1.989e+30	470591	2.52137e+08	0	-0.17765	0.196082	0	-2.90348e+22	-3.0952e+23	0	5.972e+24	-6.90842e+09	-7.08055e+10	0	59303.6	-35528.9	0	3.01345e+22	3.09651e+23	0	7.347e+22	1.31789e+11	1.59404e+10	0	-11086	31042.5	0	-1.09965e+21	-1.30878e+20	0
3	1.989e+30	244287	2.52453e+08	0	0.138427	0.0667235	0	8.44171e+22	1.03104e+23	0	5.972e+24	6.85373e+10	8.53066e+10	0	-46312.5	7592.66	0	-8.33821e+22	-1.03469e+23	0	7.347e+22	1.25748e+11	-4.40571e+10	0	16961.6	27940.2	0	-1.035e+21	3.6473e+20	0
3	1.989e+30	2781.51	2.53482e+08	0	0.00197679	0.000925094	0	7.17606e+22	1.16699e+20	0	5.972e+24	1.49722e+11	3.43187e+09	0	-1216.98	29759.2	0	-7.06851e+22	-1.49915e+21	0	7.347e+22	6.48041e+10	-8.30399e+10	0	45405.9	7452.15	0	-1.07549e+21	1.38245e+21	0
3	1.989e+30	222893	2.54521e+08	0	-0.131994	0.0606422	0	7.81942e+22	-9.44008e+22	0	5.972e+24	7.76894e+10	-8.27327e+10	0	43510.5	10923.5	0	-8.38557e+22	8.95805e+22	0	7.347e+22	-3.89948e+10	-3.29575e+10	0	36632.9	-78170.4	0	5.66148e+21	4.82029e+21	0
3	1.989e+30	509362	2.54862e+08	0	0.17341	0.23086	0	-1.03461e+23	3.55543e+23	0	5.972e+24	-1.86731e+10	6.31563e+10	0	-57030.1	-46705.8	0	1.04767e+23	-3.53039e+23	0	7.347e+22	3.84434e+10	7.39331e+10	0	-58917.1	-1972.71	0	-1.30663e+21	-2.50382e+21	0
3	1.989e+30	51584.3	2.55689e+08	0	0.0618696	0.0108972	0	7.5779e+22	2.75452e+22	0	5.972e+24	1.3281e+11	4.86008e+10	0	-20318.8	26181.3	0	-7.45878e+22	-2.71495e+22	0	7.347e+22	1.18293e+11	3.95561e+10	0	-23338.2	28309.1	0	-1.19122e+21	-3.95674e+20	0
3	1.989e+30	61003.1	2.56776e+08	0	-0.0671763	0.0129832	0	7.65137e+22	-3.05812e+22	0	5.972e+24	1.2947e+11	-5.19192e+10	0	22300.7	25456.7	0	-7.54774e+22	3.04191e+22	0	7.347e+22	1.34731e+11	-2.08166e+10	0	5904.73	30737.1	0	-1.03634e+21	1.62059e+20	0
3	1.989e+30	533928	2.57567e+08	0	-0.16091	0.2599	0	-1.90768e+23	-3.80096e+23	0	5.972e+24	-2.75617e+10	-5.42501e+10	0	53175.4	-56634.1	0	1.91844e+23	3.79282e+23	0	7.347e+22	9.59147e+10	-7.2282e+10	0	33834.1	18883.8	0	-1.07583e+21	8.13698e+20	0
3	1.989e+30	201260	2.57942e+08	0	0.121696	0.052221	0	8.33256e+22	7.6576e+22	0	5.972e+24	8.43868e+10	8.15201e+10	0	-41251.2	13121.5	0	-8.32168e+22	-8.01305e+22	0	7.347e+22	2.2705e+09	-7.3773e+10	0	58502.7	-28855.9	0	-1.08728e+20	3.5545e+21	0
3	1.989e+30	6609.34	2.58986e+08	0	-0.00682165	0.00297739	0	6.96906e+22	1.83774e+21	0	5.972e+24	1.49387e+11	-7.33353e+09	0	3068.58	29695.7	0	-7.07759e+22	3.59857e+21	0	7.347e+22	-1.16201e+10	5.84258e+10	0	-64751.8	-42951.2	0	1.08534e+21	-5.4363e+21	0
3	1.989e+30	268001	2.60003e+08	0	-0.144499	0.0755629	0	8.40898e+22	-1.15653e+23	0	5.972e+24	6.10205e+10	-8.56083e+10	0	48578	4721.85	0	-8.27678e+22	1.16481e+23	0	7.347e+22	9.47693e+10	5.96156e+10	0	-36751.8	21991.3	0	-1.32207e+21	-8.27977e+20	0
3	1.989e+30	441874	2.60301e+08	0	0.178716	0.172621	0	1.044e+22	2.72432e+23	0	5.972e+24	2.61661e+09	7.64836e+10	0	-59456.3	-27720.3	0	-9.37048e+21	-2.72404e+23	0	7.347e+22	1.34978e+11	3.78865e+09	0	-5339.07	31462.1	0	-1.06957e+21	-2.79326e+19	0
3	1.989e+30	31947.4	2.61199e+08	0	0.0467444	0.0066961	0	7.41266e+22	1.97547e+22	0	5.972e+24	1.39353e+11	3.88573e+10	0	-15845.1	27612.6	0	-7.30817e+22	-2.02395e+22	0	7.347e+22	1.18045e+11	-5.45116e+10	0	22486.2	25701	0	-1.04487e+21	4.84861e+20	0
3	1.989e+30	91029.9	2.62281e+08	0	-0.0827568	0.0204699	0	7.84804e+22	-4.10699e+22	0	5.972e+24	1.20562e+11	-6.0765e+10	0	26935.2	23354.5	0	-7.74764e+22	3.92201e+22	0	7.347e+22	4.59316e+10	-8.43477e+10	0	50991.9	-1065.72	0	-1.00405e+21	1.84977e+21	0
3	1.989e+30	587848	2.62967e+08	0	-0.100662	0.33104	0	-4.75808e+23	-3.17872e+23	0	5.972e+24	-4.37766e+10	-2.95991e+10	0	33592.4	-78951.7	0	4.66523e+23	3.18125e+23	0	7.347e+22	-4.58093e+10	1.49984e+09	0	-5401.08	-92973.6	0	9.28519e+21	-2.52649e+20	0
3	1.989e+30	157008	2.6343e+08	0	0.110755	0.0378912	0	8.29396e+22	6.43975e+22	0	5.972e+24	9.84091e+10	7.59647e+10	0	-36255.1	17425.9	0	-8.1528e+22	-6.27118e+22	0	7.347e+22	6.04673e+10	7.24778e+10	0	-51381.9	9205.15	0	-1.41161e+21	-1.68573e+21	0
3	1.989e+30	7178.27	2.64496e+08	0	-0.0214995	0.00140774	0	7.23713e+22	-8.58156e+21	0	5.972e+24	1.47499e+11	-1.80157e+10	0	7368.88	29320.4	0	-7.12336e+22	8.82976e+21	0	7.347e+22	1.26449e+11	2.78502e+10	0	-16939.3	30049.1	0	-1.13777e+21	-2.48206e+20	0
3	1.989e+30	322089	2.65484e+08	0	-0.160851	0.0996792	0	7.70343e+22	-1.54179e+23	0	5.972e+24	4.2558e+10	-8.59099e+10	0	53428.9	-3403.33	0	-7.60026e+22	1.53917e+23	0	7.347e+22	1.31204e+11	-3.30719e+10	0	11647.4	29562.1	0	-1.03165e+21	2.62154e+20	0
3	1.989e+30	380273	2.65759e+08	0	0.170307	0.130433	0	5.86753e+22	2.01013e+23	0	5.972e+24	2.38016e+10	8.38052e+10	0	-57212.9	-13449.7	0	-5.75881e+22	-2.02082e+23	0	7.347e+22	8.06449e+10	-7.90419e+10	0	39953.8	13618.9	0	-1.08714e+21	1.06919e+21	0
3	1.989e+30	22305.6	2.66706e+08	0	0.0323892	0.00648938	0	7.00598e+22	9.28685e+21	0	5.972e+24	1.44286e+11	2.86781e+10	0	-11456.5	28650.9	0	-7.19379e+22	-1.41638e+22	0	7.347e+22	-2.19501e+10	-5.6752e+10	0	54391.2	-53103.1	0	1.87808e+21	4.87691e+21	0
3	1.989e+30	123930	2.67776e+08	0	-0.0927788	0.0291209	0	8.05233e+22	-4.63874e+22	0	5.972e+24	1.09969e+11	-6.87366e+10	0	31691.4	20665.7	0	-7.96859e+22	5.00051e+22	0	7.347e+22	1.63389e+10	7.08768e+10	0	-64298.3	-16715.1	0	-8.37439e+20	-3.61772e+21	0
3	1.989e+30	600595	2.68348e+08	0	0.00509996	0.357676	0	-6.34315e+23	1.54056e+22	0	5.972e+24	-4.9927e+10	1.42569e+09	0	-1339.5	-89286.5	0	6.35559e+23	-1.48462e+22	0	7.347e+22	1.09051e+11	4.92847e+10	0	-29186.3	26009.3	0	-1.24464e+21	-5.59399e+20	0
3	1.989e+30	117527	2.6893e+08	0	0.0941999	0.0269444	0	8.04076e+22	4.92514e+22	0	5.972e+24	1.10629e+11	6.9038e+10	0	-31385.5	20799.9	0	-7.93616e+22	-4.93296e+22	0	7.347e+22	1.35988e+11	-9.89882e+09	0	963.473	31305.4	0	-1.04604e+21	7.82444e+19	0
3	1.989e+30	18252	2.70007e+08	0	-0.0362051	0.00379691	0	7.3119e+22	-1.50395e+22	0	5.972e+24	1.44054e+11	-2.84915e+10	0	11703.3	28620.1	0	-7.20574e+22	1.43884e+22	0	7.347e+22	1.06687e+11	-6.51622e+10	0	28856.3	22297.2	0	-1.06158e+21	6.51145e+20	0
3	1.989e+30	386447	2.70953e+08	0	-0.174786	0.133802	0	5.65783e+22	-2.09291e+23	0	5.972e+24	2.24722e+10	-8.2814e+10	0	57518.6	-14220.3	0	-5.58801e+22	2.06642e+23	0	7.347e+22	2.15501e+10	-8.10734e+10	0	56472.1	-14977.1	0	-6.98251e+20	2.64969e+21	0
3	1.989e+30	324506	2.71222e+08	0	0.161699	0.101315	0	7.40218e+22	1.56984e+23	0	5.972e+24	4.36211e+10	8.66432e+10	0	-53103.7	-2919.54	0	-7.63459e+22	-1.51152e+23	0	7.347e+22	-2.06408e+10	5.20467e+10	0	-61026.5	-54048.1	0	2.32413e+21	-5.83208e+21	0
3	1.989e+30	8042.52	2.72209e+08	0	0.0229009	0.00167134	0	7.24734e+22	9.50355e+21	0	5.972e+24	1.47585e+11	1.8303e+10	0	-7178.2	29338.4	0	-7.11958e+22	-8.69672e+21	0	7.347e+22	9.60632e+10	6.0942e+10	0	-36500.3	21451.2	0	-1.27759e+21	-8.06831e+20	0
3	1.989e+30	155897	2.73275e+08	0	-0.109471	0.037439	0	8.28891e+22	-6.34106e+22	0	5.972e+24	9.78294e+10	-7.55057e+10	0	36502.5	17307.8	0	-8.18599e+22	6.34128e+22	0	7.347e+22	1.37671e+11	5.7859e+08	0	-3475.19	31045.7	0	-1.02918e+21	-2.26623e+18	0
3	1.989e+30	580252	2.73739e+08	0	0.10369	0.323879	0	-4.50733e+23	3.26317e+23	0	5.972e+24	-4.32046e+10	3.15245e+10	0	-34856.2	-78000.5	0	4.51767e+23	-3.26876e+23	0	7.347e+22	1.13353e+11	-6.0919e+10	0	26164.8	23590.6	0	-1.03446e+21	5.58479e+20	0
3	1.989e+30	91055.5	2.74433e+08	0	0.078334	0.020812	0	7.80453e+22	3.64274e+22	0	5.972e+24	1.20822e+11	6.12452e+10	0	-26781.3	23393.5	0	-7.72874e+22	-3.89994e+22	0	7.347e+22	2.41141e+10	-8.15418e+10	0	56232.9	-13502.6	0	-7.57895e+20	2.57202e+21	0
3	1.989e+30	37670.9	2.75509e+08	0	-0.0457242	0.00979927	0	7.03426e+22	-1.43724e+22	0	5.972e+24	1.39191e+11	-3.83352e+10	0	15957	27611.2	0	-7.32284e+22	2.03148e+22	0	7.347e+22	-2.37438e+10	4.91505e+10	0	-59201.2	-58191.8	0	2.88581e+21	-5.94241e+21	0
3	1.989e+30	445159	2.76403e+08	0	-0.177446	0.174377	0	8.61863e+21	-2.74634e+23	0	5.972e+24	2.02465e+09	-7.5553e+10	0	59559.3	-28174.7	0	-7.3323e+21	2.75478e+23	0	7.347e+22	9.41508e+10	6.20428e+10	0	-37404	20869.2	0	-1.28632e+21	-8.43818e+20	0
3	1.989e+30	265585	2.76702e+08	0	0.145592	0.0749887	0	8.35739e+22	1.15787e+23	0	5.972e+24	6.12996e+10	8.6262e+10	0	-48438.2	4801.76	0	-8.2542e+22	-1.15773e+23	0	7.347e+22	1.37473e+11	2.18697e+09	0	-4200.67	31039.9	0	-1.03186e+21	-1.43116e+19	0
3	1.989e+30	2016.02	2.77721e+08	0	0.00819719	0.000498894	0	7.18191e+22	3.1319e+21	0	5.972e+24	1.49363e+11	8.02775e+09	0	-3043.03	29697.8	0	-7.0787e+22	-3.67154e+21	0	7.347e+22	1.14689e+11	-5.96817e+10	0	25436	23978	0	-1.03213e+21	5.39642e+20	0
3	1.989e+30	200635	2.78771e+08	0	-0.126134	0.0515291	0	8.43083e+22	-8.2814e+22	0	5.972e+24	8.42906e+10	-8.0827e+10	0	41324.4	13141.2	0	-8.3502e+22	8.03525e+22	0	7.347e+22	2.70186e+10	-8.21914e+10	0	55680	-11723.9	0	-8.06264e+20	2.46154e+21	0
3	1.989e+30	538089	2.79141e+08	0	0.161788	0.262331	0	-1.93059e+23	3.84172e+23	0	5.972e+24	-2.74387e+10	5.50047e+10	0	-53183.5	-56444.6	0	1.89565e+23	-3.78185e+23	0	7.347e+22	-2.67464e+10	4.60843e+10	0	-56965.1	-62329.1	0	3.49478e+21	-5.98641e+21	0
3	1.989e+30	62892.3	2.79929e+08	0	0.068475	0.0135022	0	7.66955e+22	3.14636e+22	0	5.972e+24	1.29369e+11	5.27445e+10	0	-22332.4	25413.4	0	-7.5394e+22	-3.05734e+22	0	7.347e+22	9.17995e+10	6.30719e+10	0	-38486.4	20206.6	0	-1.30152e+21	-8.90224e+20	0
3	1.989e+30	50664.1	2.81016e+08	0	-0.0606647	0.0106314	0	7.57426e+22	-2.69541e+22	0	5.972e+24	1.32886e+11	-4.77182e+10	0	20269.4	26236.4	0	-7.4704e+22	2.69854e+22	0	7.347e+22	1.36954e+11	4.4106e+09	0	-5267.8	31030.7	0	-1.03858e+21	-3.13142e+19	0
3	1.989e+30	505965	2.81845e+08	0	-0.17252	0.229439	0	-1.02947e+23	-3.5398e+23	0	5.972e+24	-1.85064e+10	-6.2657e+10	0	57161.6	-46559.6	0	1.03976e+23	3.53472e+23	0	7.347e+22	1.16861e+11	-5.74455e+10	0	24135.6	24629.5	0	-1.02946e+21	5.08568e+20	0
3	1.989e+30	221255	2.8219e+08	0	0.12881	0.058516	0	8.45007e+22	8.77153e+22	0	5.972e+24	7.73478e+10	8.35114e+10	0	-43569.7	10770.8	0	-8.36103e+22	-8.99619e+22	0	7.347e+22	3.31089e+10	-8.32412e+10	0	54389.7	-8195.52	0	-8.90413e+20	2.2466e+21	0
3	1.989e+30	6460.47	2.83225e+08	0	-0.00144565	0.00386336	0	6.54597e+22	4.55373e+21	0	5.972e+24	1.49706e+11	-2.34963e+09	0	1089.82	29768.4	0	-7.07149e+22	1.24506e+21	0	7.347e+22	-3.35312e+10	3.72705e+10	0	-49448.6	-72842.8	0	5.25514e+21	-5.79878e+21	0
3	1.989e+30	244335	2.84253e+08	0	-0.137279	0.0664025	0	8.50445e+22	-1.01895e+23	0	5.972e+24	6.9005e+10	-8.45197e+10	0	46224.5	7816.12	0	-8.37206e+22	1.02897e+23	0	7.347e+22	8.64321e+10	6.5694e+10	0	-40903	18465.8	0	-1.32389e+21	-1.00182e+21	0
3	1.989e+30	472339	2.84571e+08	0	0.177897	0.197707	0	-3.20952e+22	3.11244e+23	0	5.972e+24	-7.54393e+09	7.10617e+10	0	-59160.9	-36068.8	0	3.31422e+22	-3.1118e+23	0	7.347e+22	1.36112e+11	8.60911e+09	0	-7188.51	30942.6	0	-1.04702e+21	-6.40102e+19	0
